time,index,mass,x,y,z,vx,vy,vz,fx,fy,fz
0,0,8.393962,-194.2187,-205.9218,-212.1099,7.788356,0.005396897,-7.131414,2.679611,2.265068,1.959771
0,1,10.78248,165.4295,-384.2943,-87.9909,4.515541,0.004930241,8.475911,-1.656004,2.658011,0.8321242
0,2,4.977635,265.3457,-49.58593,13.83192,-0.6303252,0.002142878,12.06293,-3.115463,0.5333232,0.05364193
0,3,16.02912,120.0765,-211.9184,276.9839,-9.489891,0.004917248,4.116112,-4.867168,3.940958,-2.389071
0,4,4.798841,51.57659,-31.33049,-449.6248,9.261503,8.55067E-05,1.064642,-0.3493677,0.02051666,1.428158
0,5,3.952526,225.492,256.9554,270.231,-7.304673,-0.00414505,6.094481,-0.8156692,-0.819171,-0.8091486
0,6,8.419962,-91.0649,-340.5958,156.8801,-8.745874,0.007125199,-5.06783,1.021318,2.999695,-1.133095
0,7,11.50598,-37.11674,-271.1045,211.3437,-10.51886,0.006758773,-1.842002,0.8732132,3.888315,-2.978755
0,8,2.655073,131.3978,63.92516,-259.367,10.26595,-0.002486713,5.202624,-0.664509,-0.3301202,1.257397
0,9,2.367712,-99.61277,169.3237,150.9119,-10.53408,-0.01028185,-6.944358,0.6264656,-1.217223,-1.030575
0,10,3.574387,-72.23827,-41.36605,380.8781,-9.88009,0.001067566,-1.876071,0.3256537,0.1907947,-1.278757
0,11,14.05972,148.4763,375.3243,-111.8231,5.843089,-0.005296011,7.746812,-1.721792,-3.723022,1.459929
0,12,4.854024,-158.948,-199.5893,-296.609,8.849291,0.004182761,-4.73922,0.7999896,1.015161,1.941837
0,13,14.91056,-68.53786,102.9529,-482.9705,8.805143,-0.001994112,-1.24783,0.203859,-1.486666,3.679349
0,14,17.61805,-324.6417,-1.599804,34.00909,-1.142092,-0.0001944624,-10.93035,9.177509,-0.1713023,0.14793
0,15,4.642726,368.7054,321.7244,-98.71796,2.298067,-0.003735868,8.585295,-1.071618,-0.8672307,0.2142804
0,16,8.872168,-2.707767,454.9688,-98.74236,9.198297,-0.00516522,-0.2709525,-0.4338925,-2.291335,-0.679196
0,17,11.34843,-89.33566,-242.0662,-170.2133,9.99795,0.009165979,-5.255411,1.810446,5.200973,2.997379
0,18,17.8426,-273.2746,217.6159,309.2532,-6.889569,-0.003000851,-6.08977,2.051147,-2.677149,-4.612616
0,19,4.507067,-114.8969,343.1486,340.0964,-8.443837,-0.0040279,-2.853037,-0.04483154,-0.9077008,-1.158356
0,20,4.706159,-58.03115,100.6125,-213.1786,12.297,-0.006918848,-3.348344,0.812415,-1.62806,3.159136
0,21,5.136563,177.4606,-6.603746,433.6659,-8.4909,-0.0001959317,3.471878,-0.6053889,-0.05032079,-1.439081
0,22,3.29399,-71.10812,426.6177,-78.01929,6.992401,-0.004934951,-6.393393,0.4888567,-0.812784,-0.01597624
0,23,7.354861,-62.2827,124.8649,-52.41616,10.43843,-0.03230822,-12.47398,5.565032,-11.88112,4.52043
0,24,17.49533,8.873013,361.5494,125.1889,-10.12364,-0.006659264,0.7323503,0.4073264,-5.825301,-1.465858
0,25,3.653369,192.653,-287.1717,186.2241,-6.962437,0.006249347,7.206771,-0.7050682,1.141558,-0.5140248
0,26,8.637702,-76.03065,-111.183,-405.0244,9.447097,0.001416379,-1.770936,0.5119716,0.6117131,2.936912
0,27,14.59285,-30.35574,-326.2985,-85.40334,10.1603,0.009243546,-3.636803,0.9515728,6.744482,1.006082
0,28,9.590262,-77.83907,1.622404,226.8298,-12.12832,-3.500018E-05,-4.163876,2.323468,-0.01678305,-7.07116
0,29,7.844225,274.4763,3.117887,125.1411,-4.74498,-0.00089303,10.40249,-3.893778,-0.3502564,-1.549877
0,30,10.28301,-319.3255,224.6536,256.3437,-5.749399,-0.003882178,-7.16346,3.022373,-1.996023,-0.3798514
0,31,4.781925,-181.738,307.9515,257.4972,-7.727932,-0.00255238,-5.450287,0.989385,-0.6102644,-0.01070721
0,32,9.058285,13.7001,422.299,208.6777,-9.127512,-0.005825637,0.6039806,-0.02501816,-2.638514,-1.483224
0,33,8.155113,347.0897,-250.2577,154.8315,-3.793233,0.003606471,8.501423,-2.051847,1.470559,-0.7645046
0,34,11.74307,-151.9257,90.13782,80.21812,-6.660267,-0.01116516,-12.60524,10.16268,-6.555663,-5.405146
0,35,6.057874,10.2039,-14.99471,425.8925,-9.615196,8.253933E-05,0.2279695,-0.0183339,0.02500064,-2.042155
0,36,5.297825,120.2567,60.52819,12.17777,-1.712205,-0.02027656,16.99372,-10.45919,-5.371084,-0.9686584
0,37,9.357697,218.0155,173.1162,169.2608,-6.746284,-0.004735289,8.691627,-3.070434,-2.21557,-1.749691
0,38,10.89778,-299.2395,117.015,257.5126,-6.382249,-0.001027254,-7.41786,2.555045,-0.5597396,-1.869259
0,39,11.09548,-29.37658,448.3684,-208.2671,8.835487,-0.004346789,-1.249604,0.4650467,-2.411485,2.324958
0,40,1.675622,-290.6071,-231.027,110.6984,-3.592101,0.004884369,-9.428382,0.4539528,0.4092177,-0.2104355
0,41,5.272957,167.7576,405.2534,-22.01966,1.240926,-0.006076534,9.393742,-0.7432291,-1.602065,-0.05819807
0,42,5.887364,214.289,192.797,250.1574,-7.720168,-0.003174965,6.612145,-1.388347,-0.9346088,-1.560073
0,43,14.48791,-62.11189,-16.06449,-17.00317,6.425791,0.04228586,-23.51172,121.8144,30.63168,33.28663
0,44,1.994635,-159.4306,49.43816,340.571,-9.235103,-0.0004809986,-4.325164,0.2004732,-0.04797084,-0.710772
0,45,14.93978,34.47076,-196.5167,-348.9356,9.85596,0.003345729,0.9750255,-1.057213,2.499223,5.120467
0,46,12.33728,-414.8479,69.16079,250.8482,-4.640791,-0.0003829481,-7.680101,3.266436,-0.2362269,-1.79846
0,47,2.957851,389.4492,86.8595,60.45957,-1.518151,-0.001593629,9.767087,-0.9836611,-0.2356859,-0.2270294
0,48,2.492846,54.99684,164.534,451.6973,-8.961105,-0.001539661,1.08933,-0.02364192,-0.1919069,-0.663464
0,49,8.78105,98.27354,-357.0585,-217.0665,8.732737,0.005654578,3.9498,-0.7931628,2.482656,1.683298
0,50,12.93104,274.7582,-118.6147,142.9135,-5.033799,0.003157885,9.673948,-5.691939,2.041737,-2.260331
0,51,3.278813,-274.0545,-10.89266,157.2081,-5.556407,0.001032863,-9.689704,1.268293,0.1693282,-0.9557565
0,52,18.12937,74.24512,-220.1456,303.2211,-9.864143,0.005613959,2.414703,2.698891,5.088876,-7.355049
0,53,14.72893,-269.1457,-42.16859,-380.9174,7.495986,0.0002148992,-5.293212,2.81769,0.1582618,3.654068
0,54,7.857648,163.4533,377.5467,75.26614,-4.054858,-0.005735414,8.822858,-1.200863,-2.253343,-0.5409756
0,55,8.597611,-273.5837,4.201703,40.4025,-1.748014,-0.0009564983,-11.81272,2.841578,-0.41118,-0.8332942
0,56,2.675586,-167.7537,-200.313,-256.1861,8.684893,0.004677865,-5.686482,0.5397055,0.6258014,0.8372747
0,57,3.689354,-61.1786,88.18053,-92.63697,13.90604,-0.02517615,-9.20472,3.167139,-4.644187,5.111543
0,58,5.50085,-456.065,-103.5399,-119.5573,2.293976,0.00127261,-8.741947,1.479439,0.3500218,0.5035288
0,59,15.85083,-16.34842,-147.0933,-228.6088,12.00111,0.00644203,-0.8595225,-0.4143226,5.105578,9.04452
0,60,5.122253,389.4809,101.6288,-265.4108,5.090838,-0.001166302,7.474708,-1.211943,-0.2987047,0.8462233
0,61,7.952285,-226.3908,-36.16691,-268.9909,8.083385,-2.132008E-05,-6.800372,2.39818,-0.008477169,2.412111
0,62,9.976176,290.839,253.1663,-199.5904,5.392569,-0.00336915,7.858463,-2.034107,-1.680562,1.836663
0,63,11.99784,292.6039,244.3833,-84.99916,2.803975,-0.003882926,9.648083,-3.182562,-2.329336,0.6464257
0,64,7.912392,-37.07834,-139.9561,-138.3818,13.54892,0.0153474,-3.645906,0.9411886,6.071732,4.841823
0,65,8.104283,334.7884,10.85664,-203.3403,5.205871,0.0002940156,8.574954,-2.480413,0.1191393,1.458206
0,66,2.995283,41.63492,127.8188,-205.228,12.4248,-0.007990915,2.517948,-0.4709847,-1.196753,1.847528
0,67,10.60193,-249.9774,63.56384,336.5138,-7.741011,0.0001482187,-5.753229,1.721734,0.07857025,-3.167968
0,68,11.88974,181.3474,358.3267,278.6234,-7.527426,-0.004245798,4.900576,-1.315187,-2.524071,-1.869519
0,69,3.016774,346.0174,-48.50433,216.6762,-5.200396,0.0004935444,8.298959,-1.00077,0.0744456,-0.6010425
0,70,30.848,-97.13479,-66.50864,-170.4707,11.9873,0.0048613,-6.830936,15.12954,7.498068,25.00368
0,71,30.5224,-429.8401,-33.00044,71.16663,-1.548703,0.0008999257,-9.372772,10.86756,1.373395,-1.676395
0,72,9.065695,155.532,-29.03953,-90.25961,7.384097,0.00370762,12.72625,-9.877141,1.680608,5.742309
0,73,7.999197,134.0137,-434.3416,-59.89262,3.794023,0.00756475,8.461692,-0.2847346,3.025596,-0.2234718
0,74,12.93526,131.2382,31.87216,204.1842,-10.677,-0.002195429,6.861281,-4.950462,-1.419922,-7.862049
0,75,1.456576,328.7818,46.6976,242.5516,-5.815544,-0.001104925,7.878634,-0.4332246,-0.08047038,-0.3096669
0,76,7.296525,245.1431,-409.5622,-93.49059,3.209852,0.004960145,8.411872,-1.606429,1.809591,0.3883783
0,77,1.920252,167.1461,302.2219,-31.14832,1.962756,-0.006011654,10.48134,-0.3849043,-0.5771946,0.04153506
0,78,8.990705,-259.4722,-187.3187,-68.67188,2.808301,0.004696478,-10.61228,3.909931,2.111232,0.4180801
0,79,10.79206,152.4118,224.8215,409.9533,-8.393813,-0.002273137,3.119156,-0.9072681,-1.226592,-2.57418
0,80,21.98438,-52.47755,-50.752,59.47485,-15.36503,0.04899452,-13.51835,54.08012,53.85571,-64.26263
0,81,2.305743,-70.65094,-390.312,-215.5764,8.880186,0.006166342,-2.9148,0.1581322,0.7108999,0.3644969
0,82,5.04511,282.4607,87.0695,-249.8925,6.687448,-0.00169194,7.561204,-1.184297,-0.4268011,1.271328
0,83,19.91114,-93.89803,271.5317,-258.5764,9.493262,-0.00487559,-3.449623,1.981108,-4.853928,4.85654
0,84,8.37199,-23.19789,465.6359,-143.6125,8.875392,-0.006226032,-1.442285,0.6089908,-2.606214,1.000565
0,85,9.658037,194.6089,-139.5007,147.8489,-7.158963,0.006132683,9.427279,-3.412039,2.961484,-2.653544
0,86,1.632227,140.0874,-77.08646,99.69546,-8.384909,0.009175357,11.78886,-1.377298,0.7488132,-0.9383858
0,87,10.02798,-219.1486,-240.6929,-95.32173,4.29767,0.007789795,-9.889388,2.945563,3.905793,1.013225
0,88,4.783733,69.86243,-320.0589,-77.73981,8.062709,0.008985566,7.218434,-0.3917478,2.149228,0.3299528
0,89,3.142479,60.82182,311.2443,138.9008,-9.772985,-0.005378266,4.291047,-0.4530506,-0.8450546,-0.5470332
0,90,14.57968,346.4411,-244.654,-118.9056,3.071124,0.003044665,8.949483,-3.710126,2.219513,1.271925
0,91,17.77757,156.0266,-138.4859,327.7664,-9.097905,0.001123486,4.327974,-3.49631,0.9986426,-6.419191
0,92,7.807397,111.9556,-266.8545,-71.98136,6.230701,0.008261138,9.663766,-1.941087,3.2249,0.7437233
0,93,5.428561,70.50039,-194.7356,-202.6629,11.01735,0.00752327,3.82845,-1.301554,2.042027,2.063501
0,94,4.772116,124.9518,184.6749,262.0762,-9.661834,-0.004279561,4.607682,-0.5229198,-1.021128,-1.563864
0,95,9.444166,425.2773,81.72588,-27.05004,0.6030899,-0.001036867,9.514204,-2.977117,-0.4896173,0.2714303
0,96,10.69264,-159.6531,331.3567,288.428,-8.037421,-0.005193268,-4.447839,0.5957593,-2.776488,-2.20838
0,97,5.099006,120.657,419.9975,-205.5559,7.794842,-0.004710693,4.571902,-0.4273266,-1.200993,0.8806221
0,98,5.463158,-102.0599,33.64588,-487.7897,8.698056,0.0009022204,-1.817417,0.4866595,0.2464486,1.457367
0,99,6.233302,58.7167,-322.7805,-369.829,8.820255,0.00410734,1.400728,-0.306378,1.280115,1.408205
0,100,1000,-7.38759E-05,-3.476843E-05,2.109365E-06,-0.003693795,-0.001738421,0.0001054683,-184.6898,-86.92107,5.273413
1.02,0,8.393962,-186.107,-205.7732,-219.2587,8.108944,0.2806476,-6.889288,2.598696,2.265327,2.02389
1.02,1,10.78248,169.9535,-384.1581,-79.30595,4.357666,0.257211,8.550651,-1.681009,2.674603,0.7496237
1.02,2,4.977635,264.3707,-49.52698,26.13646,-1.268949,0.111223,12.05875,-3.116515,0.5310109,-0.09167697
1.02,3,16.02912,110.2363,-211.7832,281.1019,-9.79808,0.254752,3.959966,-4.830521,3.909939,-2.511135
1.02,4,4.798841,60.98356,-31.32825,-448.381,9.183968,0.004126787,1.368221,-0.3796593,0.01757781,1.428527
1.02,5,3.952526,217.9327,256.8412,276.338,-7.512578,-0.2157995,5.88327,-0.7960336,-0.8211704,-0.8273717
1.02,6,8.419962,-99.92006,-340.3998,151.6406,-8.618479,0.3697341,-5.202085,1.080632,2.987119,-1.084178
1.02,7,11.50598,-47.8035,-270.9187,209.3279,-10.43517,0.3505433,-2.104937,1.012427,3.868331,-2.952995
1.02,8,2.655073,141.7327,63.85672,-253.8109,10.00033,-0.1292195,5.680853,-0.7173995,-0.3297296,1.232556
1.02,9,2.367712,-110.2115,169.0409,143.6019,-10.24801,-0.5335444,-7.377058,0.6999034,-1.212074,-0.9789774
1.02,10,3.574387,-82.26606,-41.33677,378.7755,-9.78264,0.05519346,-2.239281,0.3567991,0.1886102,-1.267103
1.02,11,14.05972,154.3702,375.1784,-103.8676,5.715105,-0.2756981,7.84907,-1.804178,-3.731152,1.360074
1.02,12,4.854024,-149.8362,-199.4741,-301.2293,9.011804,0.2175695,-4.326901,0.7476347,1.015924,1.98228
1.02,13,14.91056,-59.55014,102.8979,-484.1122,8.816896,-0.1038242,-0.9956284,0.1409299,-1.490845,3.69412
1.02,14,17.61805,-325.529,-1.604942,22.86724,-0.6068404,-0.009485732,-10.91427,9.31475,-0.1491706,0.4011651
1.02,15,4.642726,370.9268,321.6215,-89.93737,2.061905,-0.1944005,8.629831,-1.078105,-0.8684464,0.1915331
1.02,16,8.872168,6.648105,454.8262,-99.05843,9.147121,-0.2698605,-0.3465793,-0.4565292,-2.312003,-0.6396685
1.02,17,11.34843,-79.0556,-241.8137,-175.4322,10.15365,0.4769717,-4.981599,1.656722,5.208454,3.093381
1.02,18,17.8426,-280.24,217.5334,302.905,-6.769374,-0.1555199,-6.352174,2.151204,-2.659571,-4.569922
1.02,19,4.507067,-123.5134,343.0379,337.0502,-8.449876,-0.2088909,-3.114393,-0.009374878,-0.9030722,-1.151569
1.02,20,4.706159,-45.40382,100.4216,-216.2353,12.45273,-0.360823,-2.656385,0.6278143,-1.63789,3.224326
1.02,21,5.136563,168.7384,-6.609141,437.0582,-8.608317,-0.01018783,3.184886,-0.5778537,-0.05032407,-1.451267
1.02,22,3.29399,-63.89721,426.4821,-84.54164,7.143563,-0.2559766,-6.39414,0.4870422,-0.8087382,0.01054031
1.02,23,7.354861,-51.25794,123.9746,-64.78695,11.14264,-1.681108,-11.77183,4.600289,-11.88123,5.576762
1.02,24,17.49533,-1.439141,361.3661,125.8918,-10.09535,-0.3458705,0.6477208,0.5591215,-5.811341,-1.437034
1.02,25,3.653369,185.45,-286.9995,193.4991,-7.156522,0.3250771,7.059407,-0.6856091,1.142392,-0.5410565
1.02,26,8.637702,-66.36449,-111.1438,-406.6499,9.503761,0.07406019,-1.422729,0.4491706,0.6186185,2.960314
1.02,27,14.59285,-19.95947,-326.0441,-89.07494,10.22162,0.480293,-3.562615,0.8033279,6.734041,1.114669
1.02,28,9.590262,-90.07467,1.621822,222.1949,-11.86195,-0.0007341598,-4.906608,2.677791,0.003308255,-6.897753
1.02,29,7.844225,269.3748,3.093179,135.6432,-5.246672,-0.04676628,10.19061,-3.823242,-0.3554677,-1.705388
1.02,30,10.28301,-325.0338,224.5468,249.0186,-5.449161,-0.2016253,-7.197684,3.032242,-1.991516,-0.3105612
1.02,31,4.781925,-189.5108,307.8805,251.9372,-7.516995,-0.1346904,-5.450739,0.9894112,-0.6271623,0.007403418
1.02,32,9.058285,4.389351,422.1385,209.2069,-9.128143,-0.3030574,0.4369409,0.0129793,-2.640935,-1.483364
1.02,33,8.155113,343.0876,-250.1586,163.4521,-4.048374,0.187126,8.402485,-2.028433,1.464128,-0.8165792
1.02,34,11.74307,-158.2536,89.83008,67.13033,-5.759084,-0.5812805,-13.036,10.57408,-6.570036,-4.529109
1.02,35,6.057874,0.3963501,-14.99248,425.9464,-9.613869,0.004173128,-0.1155676,0.03312194,0.02359821,-2.038702
1.02,36,5.297825,117.4701,59.97083,29.36244,-3.704543,-1.050639,16.66049,-10.20974,-5.317202,-2.457496
1.02,37,9.357697,210.9619,172.9861,178.025,-7.076252,-0.2453972,8.495152,-2.985088,-2.200078,-1.852388
1.02,38,10.89778,-305.6245,116.9867,249.8567,-6.141387,-0.05343892,-7.589226,2.591033,-0.5600337,-1.79384
1.02,39,11.09548,-20.34307,448.2487,-209.4303,8.875633,-0.2260972,-1.03509,0.4093837,-2.412941,2.342151
1.02,40,1.675622,-294.1266,-230.8925,101.0166,-3.313759,0.2539638,-9.551385,0.4603648,0.4091742,-0.1940174
1.02,41,5.272957,168.9486,405.0861,-12.44528,1.097388,-0.3157116,9.378575,-0.7406136,-1.599189,-0.09778277
1.02,42,5.887364,206.2911,192.7095,256.7596,-7.955845,-0.1652192,6.336998,-1.333314,-0.9361848,-1.615034
1.02,43,14.48791,-51.30981,-14.91184,-39.19005,14.35614,2.152861,-19.55505,101.2728,28.66572,77.1287
1.02,44,1.994635,-168.7957,49.42506,335.971,-9.128871,-0.02457562,-4.686735,0.2146836,-0.04625356,-0.7034801
1.02,45,14.93978,44.4845,-196.4243,-347.7593,9.778678,0.1747176,1.325011,-1.203748,2.521086,5.131915
1.02,46,12.33728,-419.4403,69.15047,242.9382,-4.369053,-0.01922024,-7.82602,3.306646,-0.2197513,-1.732801
1.02,47,2.957851,387.7247,86.8157,70.37977,-1.856269,-0.08262778,9.684516,-0.977379,-0.2343236,-0.2513805
1.02,48,2.492846,45.85255,164.4917,452.6672,-8.967731,-0.0799269,0.8176742,-0.009042467,-0.1912905,-0.6643901
1.02,49,8.78105,107.1315,-356.9026,-212.9368,8.636189,0.2944624,4.14346,-0.8677223,2.490121,1.651508
1.02,50,12.93104,269.392,-118.5276,152.6854,-5.477759,0.1647049,9.487908,-5.567398,2.053991,-2.452646
1.02,51,3.278813,-279.5152,-10.86448,147.1726,-5.157395,0.05295946,-9.979716,1.296273,0.1646184,-0.9097275
1.02,52,18.12937,64.26614,-219.9908,305.4694,-9.702262,0.2922301,2.002237,3.059873,5.103453,-7.312109
1.02,53,14.72893,-261.399,-42.16261,-386.1843,7.689164,0.01134435,-5.038291,2.76251,0.1631201,3.707255
1.02,54,7.857648,159.2372,377.3887,84.22738,-4.207968,-0.2980759,8.748343,-1.158452,-2.250828,-0.6051032
1.02,55,8.597611,-275.192,4.175106,28.30755,-1.412883,-0.05045477,-11.89616,2.803826,-0.4229352,-0.5772175
1.02,56,2.675586,-158.7906,-200.1843,-261.8199,8.883663,0.2429993,-5.366087,0.5037251,0.6244994,0.8432633
1.02,57,3.689354,-46.57836,87.48831,-101.2671,14.67,-1.305308,-7.724642,2.366472,-4.607688,5.575981
1.02,58,5.50085,-453.5829,-103.5047,-128.4245,2.567325,0.06659657,-8.645619,1.469232,0.3545458,0.5348749
1.02,59,15.85083,-4.12694,-146.9151,-229.1823,11.95805,0.3370892,-0.2757458,-0.9144847,5.171157,9.097347
1.02,60,5.122253,394.5474,101.5967,-257.6997,4.847636,-0.06073138,7.64103,-1.230427,-0.2995497,0.8246794
1.02,61,7.952285,-217.9877,-36.16734,-275.7654,8.385582,-0.0006783489,-6.487618,2.315289,-0.001846907,2.463792
1.02,62,9.976176,296.2303,253.0735,-191.4783,5.181941,-0.1751847,8.042669,-2.084899,-1.680418,1.7679
1.02,63,11.99784,295.3229,244.2764,-75.1312,2.532226,-0.2018624,9.698417,-3.209443,-2.327956,0.5393822
1.02,64,7.912392,-23.20823,-139.5338,-141.7736,13.63373,0.7970783,-3.014857,0.383273,6.053685,4.941231
1.02,65,8.104283,339.9351,10.86471,-194.4999,4.890882,0.01520566,8.75406,-2.524038,0.1178343,1.388952
1.02,66,2.995283,54.21765,127.5985,-202.3339,12.24411,-0.4163878,3.143034,-0.5880425,-1.201689,1.823449
1.02,67,10.60193,-257.7858,63.56789,330.4878,-7.571774,0.007629512,-6.055645,1.794885,0.07712537,-3.119887
1.02,68,11.88974,173.6116,358.2097,283.5381,-7.63776,-0.2208945,4.738866,-1.258255,-2.52677,-1.899831
1.02,69,3.016774,340.5378,-48.49075,225.034,-5.536649,0.02561722,8.091722,-0.9885703,0.07417893,-0.6243249
1.02,70,30.848,-84.65794,-66.37433,-177.0013,12.45827,0.2539935,-5.984314,13.38561,7.566693,26.16994
1.02,71,30.5224,-431.231,-32.97568,61.57841,-1.1856,0.04675954,-9.425543,10.86403,1.371037,-1.48527
1.02,72,9.065695,162.4767,-28.93757,-76.95974,6.246946,0.192301,13.32439,-10.31687,1.669361,4.899464
1.02,73,7.999197,137.8645,-434.1333,-51.27753,3.757269,0.3933047,8.430291,-0.2909464,3.025227,-0.2685304
1.02,74,12.93526,120.1511,31.81183,210.8566,-11.04923,-0.1137941,6.231185,-4.49845,-1.411003,-8.110401
1.02,75,1.456576,322.6931,46.66709,250.4737,-6.116199,-0.05769064,7.658099,-0.4256372,-0.0811482,-0.3199787
1.02,76,7.296525,248.2997,-409.4253,-84.88314,2.98315,0.2587599,8.463639,-1.636566,1.821519,0.3530186
1.02,77,1.920252,169.0413,302.0562,-20.44831,1.757088,-0.3130278,10.49654,-0.3892375,-0.5786723,0.01618227
1.02,78,8.990705,-256.3775,-187.1891,-79.46848,3.250528,0.24482,-10.55557,3.886234,2.121512,0.578192
1.02,79,10.79206,143.8065,224.7589,413.0079,-8.477001,-0.1181894,2.874638,-0.8541961,-1.226443,-2.599621
1.02,80,21.98438,-66.70895,-49.40858,44.26106,-12.47562,2.526585,-16.13996,69.71487,52.5847,-48.61364
1.02,81,2.305743,-61.55775,-390.1421,-218.4653,8.947328,0.3209487,-2.752587,0.1456646,0.7122611,0.368764
1.02,82,5.04511,289.1561,87.02283,-242.0478,6.444314,-0.08819952,7.814519,-1.220196,-0.4289617,1.23508
1.02,83,19.91114,-84.16376,271.3973,-261.9649,9.590219,-0.2540241,-3.198971,1.807402,-4.873041,4.927277
1.02,84,8.37199,-14.10803,465.4646,-145.021,8.945031,-0.3233787,-1.322345,0.5359991,-2.600759,0.9700614
1.02,85,9.658037,187.1214,-139.3325,157.3156,-7.51348,0.3173696,9.13752,-3.302352,2.932348,-2.828894
1.02,86,1.632227,131.0979,-76.83403,111.4014,-9.21529,0.4761949,11.16356,-1.280915,0.7451206,-1.059006
1.02,87,10.02798,-214.6101,-240.4785,-105.3529,4.594606,0.4047281,-9.779506,2.893618,3.899761,1.144863
1.02,88,4.783733,78.04148,-319.8116,-70.3427,7.97505,0.4668817,7.282397,-0.4284039,2.145711,0.2713365
1.02,89,3.142479,50.77951,311.0957,143.1837,-9.91267,-0.2809195,4.108726,-0.4085328,-0.8524041,-0.5752662
1.02,90,14.57968,349.4381,-244.5701,-109.7321,2.809947,0.1581797,9.034897,-3.755397,2.215526,1.171608
1.02,91,17.77757,146.6443,-138.4548,331.9886,-9.293242,0.05908203,3.957265,-3.317696,1.020343,-6.502119
1.02,92,7.807397,118.1773,-266.6273,-62.07772,5.972344,0.4285398,9.749795,-2.011381,3.208822,0.5761484
1.02,93,5.428561,81.60662,-194.5282,-198.5582,10.76057,0.3920251,4.210726,-1.428944,2.050596,2.006163
1.02,94,4.772116,115.0409,184.557,266.6015,-9.767211,-0.22269,4.271363,-0.4642583,-1.022486,-1.582506
1.02,95,9.444166,425.7252,81.69737,-17.33179,0.2813634,-0.0537952,9.539329,-2.980405,-0.4874333,0.1953033
1.02,96,10.69264,-167.8206,331.214,283.782,-7.977466,-0.2693011,-4.657514,0.659048,-2.76247,-2.189313
1.02,97,5.099006,128.5619,419.868,-200.8018,7.705332,-0.244239,4.745636,-0.466711,-1.194052,0.8566684
1.02,98,5.463158,-93.1414,33.67066,-489.5017,8.786756,0.04674156,-1.544137,0.4641003,0.2449163,1.4699
1.02,99,6.233302,67.68636,-322.6671,-368.2806,8.767473,0.2142994,1.630683,-0.3381104,1.288839,1.402567
1.02,100,1000,-0.1010856,-0.04764153,-0.008378339,-0.1892739,-0.08936829,-0.02629622,-176.3226,-83.91391,-55.1427
2.02,0,8.393962,-177.8418,-205.3549,-226.0237,8.413779,0.5505622,-6.644414,2.520541,2.266009,2.085611
2.02,1,10.78248,174.2312,-383.7742,-70.72118,4.200681,0.5058444,8.616342,-1.70355,2.686154,0.6686077
2.02,2,4.977635,262.7825,-49.36148,38.18074,-1.894654,0.217504,12.02571,-3.11169,0.5268296,-0.2343929
2.02,3,16.02912,100.2844,-211.4045,284.981,-10.10013,0.4973628,3.80025,-4.865301,3.865924,-2.60287
2.02,4,4.798841,70.12606,-31.32236,-446.861,9.101675,0.007491057,1.66603,-0.4095984,0.01478645,1.429885
2.02,5,3.952526,210.3183,256.5194,282.1137,-7.711522,-0.4238359,5.671653,-0.7770373,-0.8233528,-0.8450912
2.02,6,8.419962,-108.4719,-339.8494,146.3739,-8.486659,0.7237641,-5.327889,1.137912,2.975054,-1.035182
2.02,7,11.50598,-58.1917,-270.3969,207.0925,-10.3411,0.6859388,-2.360315,1.149774,3.850495,-2.923755
2.02,8,2.655073,151.5918,63.66417,-247.8949,9.720063,-0.2534029,6.140227,-0.7699442,-0.3297761,1.207142
2.02,9,2.367712,-120.3035,168.2467,136.0178,-9.937235,-1.04426,-7.779324,0.7700338,-1.206356,-0.926704
2.02,10,3.574387,-91.99625,-41.25476,376.356,-9.678414,0.1076598,-2.592177,0.387718,0.186498,-1.255945
2.02,11,14.05972,160.0189,374.7672,-95.97045,5.583985,-0.5413476,7.942074,-1.880492,-3.738553,1.25631
2.02,12,4.854024,-140.7478,-199.1498,-305.3464,9.160329,0.4270091,-3.914024,0.6949894,1.017392,2.025758
2.02,13,14.91056,-50.72915,102.743,-484.9813,8.824227,-0.2040225,-0.7473382,0.07883082,-1.497439,3.710063
2.02,14,17.61805,-325.8648,-1.618486,11.96699,-0.07352851,-0.01718856,-10.88455,9.479196,-0.1218047,0.6394151
2.02,15,4.642726,372.87,321.3317,-81.28735,1.829,-0.381593,8.668615,-1.084388,-0.8697137,0.1689911
2.02,16,8.872168,15.7685,454.4231,-99.44122,9.094245,-0.5313513,-0.4170854,-0.4816391,-2.326864,-0.6138615
2.02,17,11.34843,-68.82988,-241.1025,-180.2733,10.29277,0.936244,-4.704817,1.503498,5.215228,3.186769
2.02,18,17.8426,-286.9469,217.302,296.4227,-6.646106,-0.3041427,-6.607296,2.245101,-2.644734,-4.53618
2.02,19,4.507067,-131.963,342.7269,333.8058,-8.448101,-0.4088661,-3.369192,0.02458015,-0.8997938,-1.14542
2.02,20,4.706159,-32.8899,99.88287,-218.54,12.56635,-0.7100844,-1.964601,0.4450562,-1.649461,3.285206
2.02,21,5.136563,160.0736,-6.624328,440.0986,-8.718178,-0.01999162,2.901123,-0.551372,-0.05040586,-1.46368
2.02,22,3.29399,-56.67844,426.1011,-90.93275,7.290821,-0.5008833,-6.387012,0.4828452,-0.8047669,0.03574459
2.02,23,7.354861,-39.81994,121.4712,-76.14806,11.69967,-3.291341,-10.9446,3.606493,-11.79199,6.563373
2.02,24,17.49533,-11.51674,360.851,126.4979,-10.0592,-0.6776185,0.5665175,0.7017845,-5.796908,-1.404347
2.02,25,3.653369,178.1987,-286.5149,200.4817,-7.341507,0.6379212,6.907626,-0.6663927,1.143498,-0.5674192
2.02,26,8.637702,-56.83545,-111.0331,-407.8972,9.552155,0.1461111,-1.078606,0.3881297,0.6260332,2.984157
2.02,27,14.59285,-9.711668,-325.3286,-92.5973,10.27116,0.941386,-3.482528,0.6432476,6.723379,1.220216
2.02,28,9.590262,-101.7879,1.621619,216.9247,-11.56447,0.00062723,-5.616503,3.020278,0.02208998,-6.720715
2.02,29,7.844225,263.8812,3.02316,145.7195,-5.729301,-0.09249908,9.963483,-3.749114,-0.3621425,-1.854256
2.02,30,10.28301,-330.3323,224.2464,241.8067,-5.15353,-0.395175,-7.224258,3.048439,-1.989463,-0.2363075
2.02,31,4.781925,-196.9222,307.6785,246.4881,-7.309597,-0.2670071,-5.446631,0.9948017,-0.6370481,0.03263538
2.02,32,9.058285,-4.737343,421.6867,209.5603,-9.124643,-0.594811,0.2732432,0.04956,-2.644804,-1.482082
2.02,33,8.155113,338.9129,-249.88,171.8024,-4.295668,0.3662671,8.29915,-2.005451,1.457828,-0.8678472
2.02,34,11.74307,-163.5478,88.96335,53.91065,-4.842271,-1.141089,-13.38414,10.94571,-6.576036,-3.663651
2.02,35,6.057874,-9.213257,-14.98636,425.6592,-9.604156,0.0079415,-0.4518955,0.08355825,0.02205021,-2.036373
2.02,36,5.297825,112.7956,58.41244,45.73883,-5.593253,-2.041698,16.06005,-9.781278,-5.171481,-3.865274
2.02,37,9.357697,203.7246,172.6211,186.4174,-7.390541,-0.4795511,8.291954,-2.898139,-2.182036,-1.947719
2.02,38,10.89778,-311.644,116.9071,242.1847,-5.901981,-0.1048052,-7.750332,2.626193,-0.5593826,-1.718897
2.02,39,11.09548,-11.4495,447.9116,-210.3574,8.910009,-0.4436536,-0.8231063,0.3545327,-2.414895,2.362092
2.02,40,1.675622,-297.2995,-230.514,91.40788,-3.037189,0.4981896,-9.662272,0.466315,0.4093091,-0.1779026
2.02,41,5.272957,169.9745,404.6158,-3.077461,0.9573064,-0.6186492,9.356302,-0.7365055,-1.59551,-0.1362722
2.02,42,5.887364,198.2214,192.4631,262.955,-8.177618,-0.3244575,6.058045,-1.279001,-0.938947,-1.668416
2.02,43,14.48791,-33.76788,-11.81043,-55.58268,20.21534,3.94592,-12.97294,67.08843,22.78189,110.9816
2.02,44,1.994635,-177.8685,49.38882,331.105,-9.017736,-0.04728085,-5.037615,0.2283402,-0.04432343,-0.696431
2.02,45,14.93978,54.22039,-196.1632,-346.259,9.693217,0.3442998,1.668934,-1.34682,2.545984,5.144232
2.02,46,12.33728,-423.6722,69.12241,235.0415,-4.099331,-0.03635712,-7.963829,3.348173,-0.2033788,-1.668919
2.02,47,2.957851,385.7003,86.69275,80.01951,-2.185584,-0.1616252,9.59541,-0.9708127,-0.2330345,-0.2752737
2.02,48,2.492846,36.88399,164.3727,453.3489,-8.968438,-0.1565716,0.5509385,0.005213813,-0.1908742,-0.6654754
2.02,49,8.78105,115.7158,-356.4633,-208.698,8.533121,0.5785509,4.329685,-0.9409515,2.499164,1.619547
2.02,50,12.93104,263.6964,-118.2817,162.0741,-5.903525,0.3240051,9.29085,-5.446267,2.065506,-2.639735
2.02,51,3.278813,-284.4695,-10.78616,137.0537,-4.757909,0.1024619,-10.2502,1.32269,0.160107,-0.8649535
2.02,52,18.12937,54.65394,-219.5547,307.2661,-9.521817,0.5747181,1.599558,3.488057,5.142859,-7.29239
2.02,53,14.72893,-253.6148,-42.14556,-391.0935,7.874856,0.02259372,-4.784769,2.708641,0.1682152,3.760103
2.02,54,7.857648,154.955,376.9447,92.93511,-4.35256,-0.5843634,8.667492,-1.114382,-2.248313,-0.6635531
2.02,55,8.597611,-276.4399,4.099335,16.3824,-1.090455,-0.1003023,-11.94812,2.736383,-0.4338681,-0.3205946
2.02,56,2.675586,-149.8132,-199.8223,-267.025,9.06512,0.4761291,-5.050037,0.4678642,0.6229923,0.8475987
2.02,57,3.689354,-31.62061,85.54977,-108.2013,15.19737,-2.54284,-6.157491,1.534041,-4.515999,5.96907
2.02,58,5.50085,-450.8796,-103.4051,-137.0196,2.83355,0.1314962,-8.545522,1.460017,0.3594451,0.565778
2.02,59,15.85083,7.796205,-146.4109,-229.1648,11.88454,0.6656328,0.2996903,-1.406254,5.24411,9.142768
2.02,60,5.122253,399.2719,101.5061,-249.9773,4.605575,-0.1193061,7.799926,-1.249109,-0.3005285,0.8035519
2.02,61,7.952285,-209.4554,-36.16802,-282.0939,8.671422,-0.0004806571,-6.174479,2.232165,0.004880384,2.515747
2.02,62,9.976176,301.3048,252.8124,-183.3465,4.970433,-0.3436424,8.21641,-2.134134,-1.680813,1.699887
2.02,63,11.99784,297.7184,243.9756,-65.41147,2.263684,-0.3957944,9.738829,-3.233555,-2.325478,0.4320763
2.02,64,7.912392,-9.562218,-138.3474,-144.4683,13.64632,1.559858,-2.385847,-0.1741984,6.013401,5.005871
2.02,65,8.104283,344.6662,10.8873,-185.6599,4.576761,0.02966298,8.921085,-2.566576,0.1165237,1.319401
2.02,66,2.995283,66.35481,126.9772,-198.882,12.02812,-0.8184213,3.747235,-0.7036631,-1.206683,1.795998
2.02,67,10.60193,-265.27,63.57922,324.2828,-7.399035,0.01486835,-6.347707,1.866398,0.0765009,-3.074098
2.02,68,11.88974,165.9206,357.8804,288.195,-7.741213,-0.4335468,4.57781,-1.202983,-2.530009,-1.929367
2.02,69,3.016774,334.8347,-48.45261,233.0189,-5.862375,0.05016506,7.880929,-0.976998,0.07393727,-0.6470371
2.02,70,30.848,-71.98832,-65.99496,-182.5468,12.86337,0.5000295,-5.1184,11.63393,7.604636,27.21117
2.02,71,30.5224,-432.235,-32.90603,52.12916,-0.8296715,0.09162481,-9.471045,10.86417,1.367676,-1.295833
2.02,72,9.065695,168.1358,-28.6518,-63.37646,5.087811,0.3751091,13.81646,-10.68141,1.643372,4.033738
2.02,73,7.999197,141.6032,-433.5471,-42.86538,3.72072,0.7716531,8.393801,-0.2930638,3.028209,-0.3146263
2.02,74,12.93526,108.9306,31.64251,216.765,-11.37931,-0.2225712,5.595366,-4.048793,-1.403412,-8.330232
2.02,75,1.456576,316.4288,46.5809,258.0185,-6.405856,-0.1136711,7.434892,-0.4183405,-0.08193551,-0.3300497
2.02,76,7.296525,251.1676,-409.0389,-76.39565,2.756724,0.5093095,8.509606,-1.667235,1.834766,0.3184157
2.02,77,1.920252,170.6947,301.5893,-9.949759,1.553457,-0.6146615,10.49835,-0.3925971,-0.5796608,-0.008762545
2.02,78,8.990705,-252.907,-186.8238,-89.98817,3.681393,0.4813335,-10.48243,3.861608,2.13114,0.7336026
2.02,79,10.79206,135.2899,224.5828,415.7592,-8.55371,-0.2318549,2.632564,-0.8024696,-1.227024,-2.624852
2.02,80,21.98438,-77.46098,-45.68583,27.13137,-9.003607,4.845892,-17.94909,82.18707,49.09033,-30.93875
2.02,81,2.305743,-52.57914,-389.6635,-221.136,9.007803,0.630185,-2.591774,0.133461,0.7137709,0.3727048
2.02,82,5.04511,295.4758,86.89119,-234.1097,6.198881,-0.1734628,8.055652,-1.255632,-0.4313712,1.198575
2.02,83,19.91114,-74.52876,271.0182,-265.037,9.676596,-0.4992658,-2.949807,1.635417,-4.892738,4.993154
2.02,84,8.37199,-5.131824,464.9829,-146.2848,9.004794,-0.6338634,-1.208011,0.4663444,-2.598481,0.9455395
2.02,85,9.658037,179.4356,-138.8609,166.3007,-7.849386,0.6192745,8.835893,-3.187138,2.899106,-2.992716
2.02,86,1.632227,121.4933,-76.1258,122.2219,-9.96866,0.9303218,10.48013,-1.17935,0.7367333,-1.168273
2.02,87,10.02798,-209.8693,-239.8755,-115.0719,4.880464,0.7934483,-9.658748,2.840152,3.896964,1.274609
2.02,88,4.783733,85.96975,-319.116,-63.03345,7.882355,0.9149832,7.333204,-0.4567099,2.141422,0.2165701
2.02,89,3.142479,40.803,310.6761,147.1976,-10.03562,-0.5531648,3.921601,-0.3651657,-0.8582961,-0.5998333
2.02,90,14.57968,352.1161,-244.3345,-100.6575,2.550817,0.3100088,9.111779,-3.799803,2.211845,1.071989
2.02,91,17.77757,137.2575,-138.3663,335.7585,-9.475046,0.1169587,3.58908,-3.150865,1.036256,-6.587714
2.02,92,7.807397,124.0168,-265.9896,-52.29403,5.710631,0.8383697,9.812758,-2.072684,3.190598,0.4101949
2.02,93,5.428561,92.22893,-193.9432,-194.1609,10.48571,0.7705979,4.574773,-1.552545,2.059536,1.94701
2.02,94,4.772116,105.2262,184.225,270.7031,-9.858356,-0.4370634,3.937918,-0.4067912,-1.02345,-1.599373
2.02,95,9.444166,425.8456,81.6173,-7.783316,-0.03435897,-0.1052996,9.555967,-2.982913,-0.4854641,0.1204625
2.02,96,10.69264,-175.7657,330.813,279.0204,-7.913076,-0.5273137,-4.861679,0.7160423,-2.756558,-2.178275
2.02,97,5.099006,136.2192,419.5045,-195.9713,7.610001,-0.4777772,4.911211,-0.5046123,-1.187783,0.8322096
2.02,98,5.463158,-84.31201,33.74026,-490.9082,8.869725,0.09157142,-1.273885,0.4430196,0.2452076,1.482806
2.02,99,6.233302,76.42532,-322.3471,-366.5353,8.71069,0.4218129,1.855288,-0.3691209,1.298065,1.397699
2.02,100,1000,-0.3765396,-0.1784737,-0.07244847,-0.3541365,-0.1691955,-0.1088953,-151.312,-74.95058,-107.388
3.02,0,8.393962,-169.2765,-204.6666,-232.5401,8.709339,0.8205805,-6.392258,2.442945,2.267139,2.146104
3.02,1,10.78248,178.351,-383.1412,-62.07454,4.041718,0.7553242,8.674518,-1.723634,2.692914,0.5875894
3.02,2,4.977635,260.5694,-49.09022,50.17736,-2.518806,0.3227722,11.96397,-3.101206,0.5210226,-0.3775359
3.02,3,16.02912,90.02834,-210.7848,288.6976,-10.40717,0.7366374,3.635621,-4.993256,3.802072,-2.669528
3.02,4,4.798841,79.18311,-31.31339,-445.0429,9.013125,0.01028688,1.964215,-0.4396869,0.01212251,1.432075
3.02,5,3.952526,202.5073,255.9892,287.6756,-7.90569,-0.6324433,5.45557,-0.7582077,-0.8256731,-0.8626853
3.02,6,8.419962,-116.8885,-338.9457,140.9843,-8.348088,1.076407,-5.447828,1.194309,2.96384,-0.9854881
3.02,7,11.50598,-68.47972,-269.5406,204.6031,-10.23508,1.019885,-2.613012,1.28721,3.834964,-2.891533
3.02,8,2.655073,161.1604,63.34738,-241.5245,9.419867,-0.377686,6.589866,-0.8231714,-0.330236,1.180913
3.02,9,2.367712,-130.0697,166.9431,128.0429,-9.597253,-1.552356,-8.159186,0.8382344,-1.199627,-0.8729615
3.02,10,3.574387,-101.6178,-41.1206,373.5851,-9.565489,0.1595278,-2.94199,0.4189977,0.1843227,-1.245041
3.02,11,14.05972,165.5337,374.0902,-87.98416,5.447623,-0.8075158,8.027509,-1.951569,-3.745823,1.147449
3.02,12,4.854024,-131.5164,-198.6157,-309.0459,9.297779,0.6368076,-3.491725,0.6400137,1.019394,2.073846
3.02,13,14.91056,-41.90297,102.4877,-485.6015,8.827374,-0.3047403,-0.497942,0.01614053,-1.506257,3.727
3.02,14,17.61805,-325.662,-1.638878,1.103252,0.4701034,-0.02315632,-10.84165,9.678443,-0.08798989,0.8653617
3.02,15,4.642726,374.5796,320.8545,-72.60104,1.594745,-0.5690738,8.70251,-1.090657,-0.8711336,0.1461557
3.02,16,8.872168,24.83452,453.7577,-99.89324,9.038407,-0.7942511,-0.4853097,-0.5089856,-2.337229,-0.5986536
3.02,17,11.34843,-58.47195,-239.9318,-184.8335,10.41825,1.396042,-4.419806,1.347136,5.220347,3.280352
3.02,18,17.8426,-293.528,216.9224,289.6861,-6.517686,-0.4519964,-6.860775,2.33519,-2.632051,-4.511223
3.02,19,4.507067,-140.407,342.2163,330.3072,-8.438869,-0.6082419,-3.62268,0.05786929,-0.8976241,-1.13976
3.02,20,4.706159,-20.28223,98.99357,-220.1464,12.64098,-1.061877,-1.260289,0.2606719,-1.661366,3.342048
3.02,21,5.136563,151.3015,-6.649329,442.8539,-8.822925,-0.02982128,2.614907,-0.5252733,-0.05058918,-1.476457
3.02,22,3.29399,-49.31316,425.4759,-97.31293,7.436524,-0.7445639,-6.37241,0.476932,-0.8006437,0.05976474
3.02,23,7.354861,-27.89475,117.366,-86.61471,12.11904,-4.883308,-9.986674,2.57831,-11.61377,7.501068
3.02,24,17.49533,-21.55409,360.0045,127.0238,-10.0151,-1.00852,0.4872789,0.8377098,-5.781755,-1.368576
3.02,25,3.653369,170.7651,-285.7173,207.3089,-7.521217,0.9511003,6.748644,-0.6470675,1.144826,-0.5936782
3.02,26,8.637702,-47.26162,-110.8499,-408.7991,9.5935,0.2190466,-0.7317055,0.3273088,0.6338434,3.008193
3.02,27,14.59285,0.5799021,-324.1524,-96.03593,10.30922,1.401726,-3.395329,0.4688214,6.71209,1.321832
3.02,28,9.590262,-113.1855,1.623732,210.9542,-11.23158,0.003813913,-6.307519,3.356923,0.03817343,-6.535568
3.02,29,7.844225,257.9098,2.906939,155.5591,-6.202138,-0.1391871,9.717591,-3.669639,-0.3704202,-1.999998
3.02,30,10.28301,-335.3343,223.7526,234.5721,-4.856019,-0.5886405,-7.243258,3.070724,-1.989721,-0.1547833
3.02,31,4.781925,-204.1253,307.3434,241.0462,-7.100579,-0.4007292,-5.436437,1.004741,-0.6407583,0.06552725
3.02,32,9.058285,-13.8585,420.9429,209.7502,-9.117154,-0.8870731,0.109756,0.08530357,-2.650113,-1.47962
3.02,33,8.155113,334.4923,-249.4227,180.0462,-4.54014,0.544635,8.189506,-1.982363,1.451521,-0.9194865
3.02,34,11.74307,-167.9094,87.53669,40.38047,-3.895127,-1.700928,-13.65838,11.28747,-6.56998,-2.793912
3.02,35,6.057874,-18.8089,-14.97661,425.0359,-9.586112,0.01143203,-0.7879167,0.134019,0.02022436,-2.03494
3.02,36,5.297825,106.2794,55.88003,61.38176,-7.384331,-2.996628,15.20132,-9.180792,-4.936893,-5.190916
3.02,37,9.357697,196.1778,172.0231,194.6016,-7.695348,-0.7115916,8.078873,-2.807664,-2.160493,-2.037531
3.02,38,10.89778,-317.4225,116.7761,234.3551,-5.659362,-0.1560677,-7.904507,2.661072,-0.5577808,-1.64274
3.02,39,11.09548,-2.524069,447.3569,-211.0716,8.939433,-0.6614119,-0.6091753,0.2994795,-2.41742,2.385362
3.02,40,1.675622,-300.1942,-229.8912,81.69315,-2.757158,0.7425382,-9.763523,0.4719856,0.4095759,-0.1617303
3.02,41,5.272957,170.8607,403.8429,6.264383,0.8181481,-0.9208215,9.326775,-0.7309215,-1.591167,-0.1742509
3.02,42,5.887364,189.9346,192.0572,268.8669,-8.390116,-0.4842719,5.770056,-1.224106,-0.9429609,-1.721477
3.02,43,14.48791,-11.71172,-7.166929,-64.35864,23.31858,5.208377,-4.521361,22.36013,13.48525,130.7838
3.02,44,1.994635,-186.8267,49.33039,325.8899,-8.899834,-0.06895938,-5.384971,0.2416837,-0.04216286,-0.6893999
3.02,45,14.93978,63.86594,-195.7317,-344.4143,9.598208,0.5156454,2.013691,-1.48893,2.573549,5.15661
3.02,46,12.33728,-427.6325,69.07788,227.0095,-3.826154,-0.05215549,-8.096472,3.391831,-0.1867192,-1.605271
3.02,47,2.957851,383.3477,86.49102,89.56602,-2.512613,-0.2401941,9.49821,-0.9638856,-0.2317873,-0.2992848
3.02,48,2.492846,27.91762,164.1773,453.7638,-8.963437,-0.2330839,0.2837397,0.01943305,-0.190623,-0.6666898
3.02,49,8.78105,124.1927,-355.7394,-204.2749,8.421701,0.8637617,4.512234,-1.014413,2.509774,1.586967
3.02,50,12.93104,257.5797,-117.8761,171.2582,-6.319921,0.4841696,9.079363,-5.324918,2.076357,-2.825895
3.02,51,3.278813,-289.0204,-10.65903,126.6714,-4.350554,0.1505977,-10.50704,1.347873,0.1556295,-0.8201568
3.02,52,18.12937,45.2351,-218.8348,308.6606,-9.315169,0.8601816,1.197399,4.012999,5.211778,-7.292498
3.02,53,14.72893,-245.6468,-42.11708,-395.7475,8.056876,0.03420015,-4.527625,2.654253,0.1736289,3.813915
3.02,54,7.857648,150.5312,376.2146,101.5583,-4.491427,-0.8703328,8.579494,-1.068665,-2.245851,-0.7175227
3.02,55,8.597611,-277.3699,3.973086,4.420606,-0.7779374,-0.1513681,-11.97,2.632655,-0.4438111,-0.06042328
3.02,56,2.675586,-140.6614,-199.2276,-271.9133,9.233009,0.7086272,-4.732723,0.4311078,0.6211255,0.8500107
3.02,57,3.689354,-16.25265,82.38924,-113.5172,15.49307,-3.74726,-4.492833,0.6582683,-4.363053,6.295877
3.02,58,5.50085,-447.911,-103.2401,-145.5117,3.098179,0.1973339,-8.439785,1.451671,0.3648619,0.5969151
3.02,59,15.85083,19.63,-145.5757,-228.5705,11.78,0.999007,0.8777171,-1.897859,5.323628,9.179183
3.02,60,5.122253,403.7524,101.3568,-242.0982,4.359799,-0.1780903,7.9547,-1.26847,-0.3016966,0.7824734
3.02,61,7.952285,-200.6427,-36.16803,-288.1058,8.946637,0.0005689286,-5.854695,2.146292,0.0116805,2.569646
3.02,62,9.976176,306.1653,252.3828,-175.0444,4.75401,-0.5121769,8.383305,-2.182966,-1.681961,1.631333
3.02,63,11.99784,299.8442,243.481,-55.65587,1.99322,-0.5894902,9.7702,-3.255652,-2.322387,0.3225605
3.02,64,7.912392,4.060303,-136.4014,-146.5307,13.58801,2.315561,-1.750805,-0.7383381,5.940693,5.0375
3.02,65,8.104283,349.0804,10.92425,-176.6573,4.25738,0.04395985,9.079429,-2.609342,0.1152458,1.248307
3.02,66,2.995283,78.25628,125.953,-194.8308,11.77344,-1.222191,4.341666,-0.8197435,-1.212069,1.765019
3.02,67,10.60193,-272.5781,63.59777,317.788,-7.219559,0.02208229,-6.635507,1.937708,0.07657141,-3.029434
3.02,68,11.88974,158.1287,357.3383,292.6896,-7.840035,-0.6464914,4.414277,-1.148099,-2.533704,-1.95878
3.02,69,3.016774,328.8078,-48.38996,240.7891,-6.184315,0.0746331,7.662616,-0.9657079,0.07369705,-0.669713
3.02,70,30.848,-58.94296,-65.36922,-187.2099,13.21056,0.7463864,-4.221048,9.806485,7.583224,28.10943
3.02,71,30.5224,-432.883,-32.79158,42.63757,-0.4736786,0.1363659,-9.510304,10.86779,1.363485,-1.104151
3.02,72,9.065695,172.6167,-28.18494,-49.35047,3.892273,0.5542951,14.21107,-10.97794,1.604323,3.133932
3.02,73,7.999197,145.3053,-432.5823,-34.49268,3.684167,1.150574,8.351449,-0.2910827,3.034294,-0.3622282
3.02,74,12.93526,97.39794,31.3647,222.0292,-11.67436,-0.3307875,4.943497,-3.592075,-1.396389,-8.525955
3.02,75,1.456576,309.8774,46.43842,265.3369,-6.690537,-0.170233,7.204781,-0.4111357,-0.08283866,-0.3400971
3.02,76,7.296525,253.807,-408.401,-67.86465,2.526012,0.7617897,8.550834,-1.699135,1.849682,0.283934
3.02,77,1.920252,172.1437,300.8206,0.5439606,1.348306,-0.9166993,10.48716,-0.3950938,-0.5802423,-0.03370534
3.02,78,8.990705,-249.007,-186.2213,-100.4259,4.109453,0.7189254,-10.39208,3.835882,2.140922,0.8875299
3.02,79,10.79206,126.6992,224.2929,418.2674,-8.625617,-0.3456025,2.388143,-0.7508726,-1.228179,-2.650282
3.02,80,21.98438,-84.47718,-39.74284,8.618315,-5.038615,6.954304,-18.90975,91.37989,43.3532,-11.42536
3.02,81,2.305743,-43.54275,-388.8753,-223.645,9.062984,0.9401037,-2.429296,0.1212506,0.7154002,0.3764589
3.02,82,5.04511,301.5464,86.67403,-225.9341,5.946383,-0.2592407,8.289465,-1.2915,-0.4341582,1.161298
3.02,83,19.91114,-64.81181,270.3935,-267.8584,9.754286,-0.7455021,-2.697419,1.461447,-4.912504,5.055703
3.02,84,8.37199,3.89993,464.1908,-147.4357,9.056324,-0.9442267,-1.096389,0.3980368,-2.59859,0.9242939
3.02,85,9.658037,171.4202,-138.0892,174.9756,-8.172979,0.9174679,8.517719,-3.064673,2.860706,-3.148781
3.02,86,1.632227,111.1677,-74.96658,132.326,-10.65781,1.377839,9.73274,-1.071527,0.7236615,-1.26789
3.02,87,10.02798,-204.8454,-238.8839,-124.6635,5.160855,1.182049,-9.525002,2.78404,3.897313,1.405338
3.02,88,4.783733,93.80254,-317.9729,-55.67904,7.784413,1.362086,7.373115,-0.479136,2.136134,0.1673773
3.02,89,3.142479,30.71053,309.9834,151.0206,-10.14487,-0.8270513,3.727107,-0.3224271,-0.8627282,-0.6216959
3.02,90,14.57968,354.5335,-243.9472,-91.50942,2.288639,0.4616005,9.18178,-3.844275,2.208635,0.9709778
3.02,91,17.77757,127.6937,-138.2195,339.1577,-9.647679,0.1755762,3.215963,-2.991565,1.046795,-6.677385
3.02,92,7.807397,129.5908,-264.9434,-42.45823,5.441574,1.245737,9.854451,-2.126253,3.170481,0.2442838
3.02,93,5.428561,102.5648,-192.9788,-189.4052,10.18824,1.150867,4.927642,-1.67433,2.068934,1.884874
3.02,94,4.772116,95.32649,183.6785,274.4695,-9.937456,-0.6515851,3.601096,-0.349323,-1.023891,-1.614793
3.02,95,9.444166,425.6501,81.48582,1.777748,-0.3503191,-0.1566037,9.564659,-2.984951,-0.4836467,0.04517736
3.02,96,10.69264,-183.6438,330.1542,274.0547,-7.843568,-0.7851222,-5.065185,0.7687322,-2.757919,-2.175237
3.02,97,5.099006,143.7775,418.9082,-190.9778,7.507302,-0.7101368,5.071901,-0.541863,-1.182018,0.8068807
3.02,98,5.463158,-75.40159,33.85477,-492.0432,8.948923,0.1366287,-1.001221,0.4228783,0.2473814,1.4962
3.02,99,6.233302,85.10493,-321.8188,-364.5658,8.648943,0.6308509,2.079162,-0.4000286,1.307807,1.393419
3.02,100,1000,-0.8015035,-0.3835592,-0.2437958,-0.4866494,-0.2371943,-0.2378437,-112.5459,-60.48584,-147.2151
4.02,0,8.393962,-160.4203,-203.7082,-238.8007,8.995696,1.090795,-6.132977,2.366115,2.269417,2.20522
4.02,1,10.78248,182.3109,-382.2585,-53.37356,3.881025,1.005191,8.725192,-1.740874,2.694528,0.5068617
4.02,2,4.977635,257.7333,-48.71431,62.09754,-3.140296,0.4267441,11.87341,-3.085356,0.5140309,-0.5211285
4.02,3,16.02912,79.45987,-209.9281,292.2477,-10.72612,0.9710415,3.467566,-5.252863,3.708258,-2.713675
4.02,4,4.798841,88.14839,-31.30191,-442.9264,8.91829,0.0125409,2.26292,-0.469951,0.009578859,1.434831
4.02,5,3.952526,194.5047,255.2501,293.0191,-8.095095,-0.841651,5.235046,-0.7394793,-0.8280908,-0.8802102
4.02,6,8.419962,-125.163,-337.69,135.4779,-8.202873,1.427795,-5.561845,1.249866,2.953932,-0.9355513
4.02,7,11.50598,-78.65562,-268.3509,201.8624,-10.11713,1.352585,-2.862812,1.424167,3.82173,-2.857232
4.02,8,2.655073,170.4186,62.90622,-234.7096,9.099538,-0.5021954,7.029473,-0.8767685,-0.3309278,1.153824
4.02,9,2.367712,-139.4814,165.1329,119.6998,-9.228872,-2.057328,-8.516063,0.9045793,-1.191536,-0.8178954
4.02,10,3.574387,-111.1219,-40.93488,370.466,-9.443763,0.2107722,-3.28878,0.4506376,0.1820379,-1.234324
4.02,11,14.05972,170.9097,373.1465,-79.91644,5.306417,-1.07421,8.105045,-2.016803,-3.753395,1.034506
4.02,12,4.854024,-122.1535,-197.8717,-312.3178,9.423561,0.8470888,-3.05892,0.5816017,1.022129,2.127893
4.02,13,14.91056,-33.07581,102.1313,-485.9718,8.826282,-0.406122,-0.2473875,-0.04766843,-1.517196,3.744558
4.02,14,17.61805,-324.9094,-1.664188,-9.711187,1.026164,-0.02699376,-10.78633,9.917275,-0.04675856,1.077305
4.02,15,4.642726,376.0543,320.1897,-63.88333,1.359135,-0.7568842,8.731454,-1.096973,-0.8727806,0.1230119
4.02,16,8.872168,33.84309,452.8289,-100.4128,8.979371,-1.058097,-0.5523509,-0.5383295,-2.343855,-0.5924726
4.02,17,11.34843,-47.99565,-238.3011,-189.1044,10.52978,1.856221,-4.126489,1.186685,5.224016,3.375295
4.02,18,17.8426,-299.9781,216.3953,282.6965,-6.384318,-0.5991948,-7.113126,2.421706,-2.621264,-4.496061
4.02,19,4.507067,-148.838,341.5066,326.5558,-8.422313,-0.80725,-3.874968,0.09064073,-0.8964431,-1.134583
4.02,20,4.706159,-7.620013,97.75124,-221.0426,12.6761,-1.416072,-0.5444956,0.0727549,-1.671961,3.393114
4.02,21,5.136563,142.4273,-6.684182,445.3217,-8.922615,-0.03969645,2.326171,-0.4994232,-0.05086844,-1.489551
4.02,22,3.29399,-41.80316,424.6076,-103.6749,7.580258,-0.9869562,-6.350716,0.4700135,-0.796276,0.08249179
4.02,23,7.354861,-15.62206,111.6833,-96.05948,12.39694,-6.444384,-8.904151,1.527179,-11.33658,8.39908
4.02,24,17.49533,-31.54345,358.8275,127.4716,-9.963417,-1.338538,0.4101404,0.9667481,-5.765981,-1.331133
4.02,25,3.653369,163.1545,-284.6063,213.9734,-7.695621,1.264669,6.58249,-0.6276313,1.146332,-0.6198608
4.02,26,8.637702,-37.65005,-110.5933,-409.3528,9.627788,0.292897,-0.3820325,0.2660556,0.6418074,3.032042
4.02,27,14.59285,10.90328,-322.5161,-99.3839,10.33487,1.861279,-3.301381,0.2814029,6.700534,1.416949
4.02,28,9.590262,-124.2324,1.629825,204.3027,-10.86395,0.00849823,-6.978735,3.686692,0.05083353,-6.340911
4.02,29,7.844225,251.471,2.743456,165.1434,-6.664485,-0.1870312,9.453296,-3.584687,-0.3802249,-2.143159
4.02,30,10.28301,-340.0376,223.0652,227.3227,-4.556049,-0.7822424,-7.253912,3.098887,-1.992218,-0.06454808
4.02,31,4.781925,-211.1183,306.8743,235.6182,-6.889034,-0.5345725,-5.418484,1.018839,-0.6382998,0.1068471
4.02,32,9.058285,-22.97016,419.9065,209.7767,-9.105766,-1.180003,-0.05340568,0.120119,-2.656877,-1.476251
4.02,33,8.155113,329.8287,-248.7874,188.1769,-4.781769,0.7222313,8.0735,-1.959085,1.445252,-0.9716255
4.02,34,11.74307,-171.3095,85.55073,26.61389,-2.920071,-2.25945,-13.85837,11.60229,-6.543842,-1.919436
4.02,35,6.057874,-28.38226,-14.96354,424.0768,-9.559741,0.01459361,-1.123767,0.1845918,0.01806616,-2.034259
4.02,36,5.297825,98.03533,52.4181,76.04183,-9.046661,-3.89916,14.10256,-8.423081,-4.619124,-6.406266
4.02,37,9.357697,188.3312,171.1941,202.5678,-7.990288,-0.941116,7.856493,-2.713567,-2.134964,-2.121805
4.02,38,10.89778,-322.9568,116.594,226.375,-5.413562,-0.2071368,-8.051628,2.695493,-0.5551807,-1.565017
4.02,39,11.09548,6.428251,446.5844,-211.5707,8.963887,-0.8794274,-0.392978,0.2442313,-2.420601,2.412395
4.02,40,1.675622,-302.8071,-229.024,71.8821,-2.473803,0.9870774,-9.855095,0.4774756,0.4099432,-0.145451
4.02,41,5.272957,171.6084,402.7684,15.57305,0.6801816,-1.222123,9.290111,-0.7239929,-1.586378,-0.2115015
4.02,42,5.887364,181.4402,191.4911,274.4863,-8.593228,-0.6448879,5.473063,-1.168452,-0.9483978,-1.7745
4.02,43,14.48791,11.79236,-1.621111,-64.19769,23.11992,5.737967,4.676319,-27.38222,1.814612,132.4243
4.02,44,1.994635,-195.6636,49.25085,320.3292,-8.775331,-0.08949432,-5.728783,0.2546733,-0.0397628,-0.6823042
4.02,45,14.93978,73.41166,-195.1279,-342.2245,9.493713,0.6888953,2.359246,-1.630413,2.602687,5.167992
4.02,46,12.33728,-431.3177,69.01824,218.8476,-3.54935,-0.06658953,-8.223953,3.437637,-0.1697135,-1.541494
4.02,47,2.957851,380.6694,86.21093,99.01118,-2.837253,-0.318348,9.39286,-0.9566984,-0.2305778,-0.3234906
4.02,48,2.492846,18.95916,163.9049,453.911,-8.952734,-0.3095254,0.01603218,0.0336445,-0.1905147,-0.6680067
4.02,49,8.78105,132.554,-354.7296,-199.6712,8.301888,1.150265,4.691044,-1.08841,2.521818,1.553887
4.02,50,12.93104,251.0515,-117.3099,180.2236,-6.726895,0.6451519,8.853501,-5.202448,2.08672,-3.011603
4.02,51,3.278813,-293.16,-10.48447,116.0392,-3.935725,0.1973439,-10.75015,1.371725,0.1509476,-0.7748625
4.02,52,18.12937,36.03889,-217.827,309.6527,-9.075969,1.150467,0.7947363,4.674063,5.31887,-7.309747
4.02,53,14.72893,-237.4987,-42.0768,-400.1424,8.235176,0.04618521,-4.266773,2.599077,0.1793691,3.86948
4.02,54,7.857648,145.9714,375.1985,110.0901,-4.624415,-1.156001,8.484914,-1.022102,-2.243608,-0.7670711
4.02,55,8.597611,-277.9945,3.795206,-7.547572,-0.4801791,-0.2035167,-11.96141,2.481265,-0.4525791,0.2035903
4.02,56,2.675586,-131.3487,-198.4007,-276.4839,9.386967,0.9403741,-4.414943,0.3933311,0.6190113,0.850049
4.02,57,3.689354,-0.7121257,78.04877,-117.1267,15.54535,-4.900321,-2.749763,-0.2623077,-4.135871,6.546428
4.02,58,5.50085,-444.6785,-103.0088,-153.8951,3.361372,0.2642046,-8.32837,1.444191,0.3707909,0.6282359
4.02,59,15.85083,31.34344,-144.4045,-227.3971,11.6444,1.337534,1.45769,-2.391765,5.407223,9.204507
4.02,60,5.122253,407.9852,101.1487,-234.0663,4.110173,-0.2371227,8.105369,-1.288546,-0.3030669,0.7615103
4.02,61,7.952285,-191.5603,-36.16656,-293.7944,9.210885,0.002475925,-5.527932,2.057868,0.01853042,2.626894
4.02,62,9.976176,310.8068,251.7846,-166.5789,4.532711,-0.6808692,8.543305,-2.231433,-1.683941,1.562389
4.02,63,11.99784,301.6988,242.7929,-45.8736,1.720992,-0.7829196,9.792361,-3.275955,-2.319149,0.2111887
4.02,64,7.912392,17.58798,-133.7052,-147.9566,13.45789,3.059557,-1.113818,-1.311166,5.828287,5.03756
4.02,65,8.104283,353.1727,10.97544,-167.5009,3.932694,0.05810538,9.228913,-2.65256,0.1140819,1.175865
4.02,66,2.995283,89.88329,124.5241,-190.1906,11.48002,-1.62776,4.925141,-0.9356089,-1.217288,1.730337
4.02,67,10.60193,-279.7033,63.62355,311.0075,-7.033369,0.02933423,-6.919138,2.008792,0.0772906,-2.985649
4.02,68,11.88974,150.2402,356.583,297.0194,-7.934253,-0.8597656,4.24827,-1.093459,-2.537837,-1.988188
4.02,69,3.016774,322.4609,-48.30288,248.3373,-6.502551,0.09902316,7.436779,-0.9546356,0.07347088,-0.6924494
4.02,70,30.848,-45.58123,-64.49788,-190.9617,13.49667,0.990917,-3.296807,7.863863,7.495949,28.87973
4.02,71,30.5224,-433.1749,-32.63246,33.10994,-0.1175238,0.1809543,-9.543235,10.87379,1.35831,-0.90949
4.02,72,9.065695,175.8866,-27.54132,-34.98106,2.66793,0.7285646,14.5048,-11.20485,1.554969,2.20632
4.02,73,7.999197,148.971,-431.2381,-26.16539,3.648126,1.530449,8.303068,-0.2849412,3.043439,-0.4110097
4.02,74,12.93526,85.5883,30.97895,226.6341,-11.93381,-0.4384668,4.277445,-3.128243,-1.389452,-8.697821
4.02,75,1.456576,303.0438,46.2391,272.4214,-6.970296,-0.227453,6.967771,-0.4039964,-0.08384882,-0.350153
4.02,76,7.296525,256.2135,-407.5095,-59.29478,2.290833,1.016438,8.587346,-1.732441,1.866387,0.2496591
4.02,77,1.920252,173.3869,299.7498,11.01987,1.142074,-1.218948,10.463,-0.3967795,-0.5804905,-0.0585355
4.02,78,8.990705,-244.6805,-185.3807,-110.7647,4.534605,0.9575939,-10.28473,3.80937,2.15031,1.039483
4.02,79,10.79206,118.0389,223.8893,420.5299,-8.692756,-0.45948,2.141356,-0.6992199,-1.229808,-2.675927
4.02,80,21.98438,-87.34441,-31.84266,-10.39105,-0.7408361,8.749399,-18.95018,96.80871,35.3591,9.401362
4.02,81,2.305743,-34.45388,-387.7768,-225.9908,9.112859,1.250754,-2.26522,0.1089807,0.7171449,0.3800854
4.02,82,5.04511,307.361,86.37079,-217.5287,5.686731,-0.345611,8.515829,-1.327788,-0.4373346,1.12343
4.02,83,19.91114,-55.02166,269.522,-270.4257,9.82317,-0.9927186,-2.441969,1.284589,-4.931727,5.115218
4.02,84,8.37199,12.97908,463.0882,-148.4762,9.099763,-1.254722,-0.9871842,0.3307925,-2.600573,0.9048113
4.02,85,9.658037,163.0877,-137.0214,183.3243,-8.483521,1.211408,8.183784,-2.935199,2.817075,-3.297293
4.02,86,1.632227,100.1872,-73.36439,141.6526,-11.27915,1.815948,8.927514,-0.9581837,0.7061759,-1.357191
4.02,87,10.02798,-199.5439,-237.5035,-134.1147,5.43553,1.570842,-9.378174,2.725653,3.900708,1.537072
4.02,88,4.783733,101.5351,-316.3833,-48.28969,7.682149,1.807951,7.403514,-0.4986888,2.129553,0.1256229
4.02,89,3.142479,20.5157,309.0162,154.6457,-10.24065,-1.1021,3.52604,-0.280557,-0.8656251,-0.6412643
4.02,90,14.57968,356.6871,-243.4083,-82.29491,2.023409,0.6129938,9.244802,-3.888752,2.206059,0.8685614
4.02,91,17.77757,117.9617,-138.0138,342.1812,-9.811554,0.234635,2.837688,-2.839172,1.052096,-6.771024
4.02,92,7.807397,134.8924,-263.491,-32.59156,5.166137,1.650424,9.874983,-2.172555,3.148803,0.07995839
4.02,93,5.428561,112.5918,-191.6333,-184.3025,9.868531,1.532859,5.268778,-1.794044,2.078122,1.81964
4.02,94,4.772116,85.35383,182.9175,277.8975,-10.00451,-0.8661347,3.261192,-0.291808,-1.023721,-1.62882
4.02,95,9.444166,425.1386,81.30312,11.34343,-0.6664828,-0.2077225,9.565352,-2.986807,-0.4819503,-0.03067121
4.02,96,10.69264,-191.4498,329.2375,268.8855,-7.769316,-1.0434,-5.268824,0.8175936,-2.766465,-2.181109
4.02,97,5.099006,151.2293,418.08,-185.826,7.397355,-0.9414111,5.227545,-0.5785482,-1.176696,0.7807784
4.02,98,5.463158,-66.4139,34.01461,-492.9043,9.024509,0.1822679,-0.7260651,0.4035104,0.2515444,1.510054
4.02,99,6.233302,93.72025,-321.0807,-362.3727,8.582239,0.8414827,2.302392,-0.430934,1.317901,1.389677
4.02,100,1000,-1.3374,-0.6484188,-0.5615618,-0.5754197,-0.2883378,-0.3982579,-65.01095,-41.55815,-170.0383
5.011497,0,8.393962,-151.4679,-202.5067,-244.6811,9.267535,1.355966,-5.87216,2.29251,2.273302,2.261166
5.011497,1,10.78248,186.035,-381.1509,-44.80107,3.722132,1.249952,8.767615,-1.754788,2.690558,0.4284215
5.011497,2,4.977635,254.3527,-48.24575,73.67735,-3.745776,0.5272014,11.75666,-3.065028,0.5065479,-0.6620243
5.011497,3,16.02912,68.78359,-208.8645,295.5627,-11.06,1.193762,3.300777,-5.699312,3.570888,-2.739621
5.011497,4,4.798841,96.83926,-31.28873,-440.5621,8.819201,0.01424483,2.556251,-0.4999754,0.007169856,1.437928
5.011497,5,3.952526,186.4806,254.3224,298.0395,-8.276127,-1.04728,5.014632,-0.7211834,-0.8305588,-0.8973992
5.011497,6,8.419962,-133.1279,-336.119,129.9739,-8.054203,1.771101,-5.667836,1.303622,2.945736,-0.8868114
5.011497,7,11.50598,-88.5078,-266.8628,198.9357,-9.990024,1.6776,-3.104659,1.557651,3.810636,-2.822255
5.011497,8,2.655073,179.1709,62.35295,-227.6095,8.76604,-0.6244653,7.450139,-0.9291835,-0.331555,1.125825
5.011497,9,2.367712,-148.3339,162.8708,111.1887,-8.841029,-2.548549,-8.842973,0.9679636,-1.181981,-0.7626821
5.011497,10,3.574387,-120.3135,-40.70348,367.0743,-9.315828,0.260356,-3.625742,0.4820283,0.1796906,-1.223929
5.011497,11,14.05972,176.039,371.9628,-71.9388,5.163745,-1.336112,8.17313,-2.074756,-3.761405,0.9210311
5.011497,12,4.854024,-112.8618,-196.9383,-315.0987,9.534719,1.053823,-2.623225,0.5200084,1.025973,2.188325
5.011497,13,14.91056,-24.42834,101.6833,-486.091,8.821005,-0.5062612,-0.0006813421,-0.1119045,-1.530141,3.762411
5.011497,14,17.61805,-323.6254,-1.691497,-20.24993,1.585525,-0.02826798,-10.72085,10.19751,0.001191711,1.270599
5.011497,15,4.642726,377.2703,319.3558,-55.31438,1.126909,-0.9413096,8.754951,-1.103247,-0.8746428,0.1000483
5.011497,16,8.872168,42.61256,451.6625,-100.9868,8.918196,-1.317217,-0.6178237,-0.569079,-2.347361,-0.5942078
5.011497,17,11.34843,-37.62763,-236.2564,-193.0011,10.62517,2.307483,-3.830836,1.024993,5.22721,3.470529
5.011497,18,17.8426,-306.1674,215.7362,275.6023,-6.249008,-0.7429094,-7.359906,2.503192,-2.612324,-4.492107
5.011497,19,4.507067,-157.0808,340.618,322.6351,-8.399076,-1.002123,-4.121148,0.1224133,-0.896161,-1.129974
5.011497,20,4.706159,4.803311,96.18906,-221.2212,12.6711,-1.765274,0.1668129,-0.1181946,-1.681873,3.436646
5.011497,21,5.136563,133.6364,-6.727947,447.4589,-9.015443,-0.04943396,2.040706,-0.4742109,-0.05120852,-1.502706
5.011497,22,3.29399,-34.30495,423.5222,-109.8852,7.719011,-1.223174,-6.32294,0.4628752,-0.7917311,0.1036274
5.011497,23,7.354861,-3.39553,104.6209,-104.2061,12.52902,-7.929709,-7.726778,0.4709822,-10.94316,9.251547
5.011497,24,17.49533,-41.27933,357.3544,127.8366,-9.905802,-1.661066,0.3366369,1.086794,-5.750061,-1.294078
5.011497,25,3.653369,155.5295,-283.2132,220.3399,-7.861362,1.572387,6.41272,-0.6084668,1.147964,-0.6454579
5.011497,26,8.637702,-28.20091,-110.2696,-409.5547,9.654453,0.3661718,-0.03667684,0.2049804,0.6497509,3.055443
5.011497,27,14.59285,21.03866,-320.4675,-102.5707,10.34717,2.310881,-3.203259,0.08721791,6.689537,1.502119
5.011497,28,9.590262,-134.6851,1.640925,197.1431,-10.47068,0.01419289,-7.616294,4.002461,0.05991159,-6.139627
5.011497,29,7.844225,244.7178,2.536183,174.2707,-7.106747,-0.2352167,9.176707,-3.496325,-0.3911283,-2.281537
5.011497,30,10.28301,-344.3543,222.2036,220.2125,-4.259143,-0.9723125,-7.255351,3.132162,-1.996795,0.03421709
5.011497,31,4.781925,-217.7645,306.2852,230.3207,-6.678443,-0.6645793,-5.391531,1.036628,-0.6295096,0.1568924
5.011497,32,9.058285,-31.88668,418.6062,209.6445,-9.09093,-1.46788,-0.2129075,0.1533151,-2.664984,-1.472349
5.011497,33,8.155113,325.0253,-247.9929,196.0295,-5.015781,0.8955358,7.953579,-1.936021,1.439222,-1.023281
5.011497,34,11.74307,-173.6829,83.0641,12.9651,-1.939542,-2.803411,-13.98176,11.88674,-6.487402,-1.053268
5.011497,35,6.057874,-37.73449,-14.94784,422.8109,-9.525772,0.01731826,-1.452844,0.2343859,0.01561304,-2.03423
5.011497,36,5.297825,88.41772,48.1815,89.2347,-10.52392,-4.718387,12.81528,-7.546376,-4.234857,-7.466794
5.011497,37,9.357697,180.3604,170.1605,210.1546,-8.26939,-1.163182,7.630107,-2.617943,-2.105814,-2.199156
5.011497,38,10.89778,-328.1404,116.3661,218.4153,-5.16964,-0.2569073,-8.1888,2.728649,-0.5516447,-1.486975
5.011497,39,11.09548,15.22281,445.6156,-211.8488,8.983009,-1.093395,-0.178555,0.1898284,-2.424511,2.443076
5.011497,40,1.675622,-305.0913,-227.9367,62.18319,-2.19296,1.226969,-9.935368,0.4827912,0.4104107,-0.1293569
5.011497,41,5.272957,172.2079,401.4235,24.65654,0.5463575,-1.516493,9.247412,-0.716109,-1.581458,-0.2470928
5.011497,42,5.887364,172.9232,190.78,279.7005,-8.783033,-0.8033263,5.173249,-1.113056,-0.9554121,-1.826799
5.011497,43,14.48791,32.96176,3.920004,-55.2896,19.63002,5.43866,13.12839,-73.8262,-10.38977,114.675
5.011497,44,1.994635,-204.1998,49.15359,314.548,-8.647095,-0.1083868,-6.062241,0.2670314,-0.03715006,-0.6752222
5.011497,45,14.93978,82.66046,-194.3671,-339.7428,9.382116,0.8606046,2.698581,-1.769534,2.632161,5.177647
5.011497,46,12.33728,-434.659,68.94647,210.7278,-3.274392,-0.07938264,-8.343852,3.484687,-0.1526776,-1.478503
5.011497,47,2.957851,377.7308,85.86082,108.1612,-3.153017,-0.3945472,9.281642,-0.9495234,-0.22942,-0.3474251
5.011497,48,2.492846,10.19305,163.564,453.7953,-8.936711,-0.3844212,-0.2468524,0.0475994,-0.1905323,-0.669391
5.011497,49,8.78105,140.6277,-353.4614,-194.9879,8.176243,1.432448,4.862595,-1.161918,2.535004,1.520968
5.011497,50,12.93104,244.2635,-116.5985,188.7835,-7.116478,0.803687,8.618229,-5.080761,2.096828,-3.193496
5.011497,51,3.278813,-296.8108,-10.26878,105.3906,-3.522324,0.2416984,-10.97488,1.393888,0.1458407,-0.7296811
5.011497,52,18.12937,27.27814,-216.5544,310.2338,-8.801075,1.442042,0.3988438,5.519617,5.476303,-7.338483
5.011497,53,14.72893,-229.3424,-42.02551,-404.1944,8.406256,0.05832122,-4.007399,2.544519,0.1853742,3.926329
5.011497,54,7.857648,141.3767,373.9257,118.3565,-4.748978,-1.435703,8.386374,-0.9763851,-2.24181,-0.8115101
5.011497,55,8.597611,-278.3275,3.569797,-19.25294,-0.2088932,-0.2556061,-11.92284,2.271445,-0.4615131,0.4691856
5.011497,56,2.675586,-122.0798,-197.3659,-280.6551,9.523986,1.166707,-4.104043,0.3555054,0.616897,0.8470553
5.011497,57,3.689354,14.44408,72.71032,-118.944,15.34737,-5.959328,-0.988597,-1.2189,-3.830657,6.690771
5.011497,58,5.50085,-441.256,-102.7166,-162,3.618049,0.3308229,-8.213648,1.437562,0.3770097,0.6590524
5.011497,59,15.85083,42.67577,-142.9255,-225.6839,11.48107,1.674571,2.027271,-2.883532,5.49516,9.218732
5.011497,60,5.122253,411.8893,100.8872,-226.0509,3.861674,-0.2952518,8.249067,-1.308833,-0.3045847,0.7410888
5.011497,61,7.952285,-182.4088,-36.16285,-299.0486,9.45896,0.005191196,-5.200467,1.969815,0.02544269,2.687051
5.011497,62,9.976176,315.1383,251.0346,-158.131,4.311148,-0.8464144,8.69339,-2.278456,-1.686504,1.494585
5.011497,63,11.99784,303.2513,241.9309,-36.27,1.452634,-0.9722209,9.805017,-3.294228,-2.316027,0.1007973
5.011497,64,7.912392,30.68324,-130.3489,-148.7366,13.25935,3.772418,-0.4914553,-1.88542,5.679937,5.007906
5.011497,65,8.104283,356.8654,11.03926,-158.3869,3.609311,0.07183861,9.366664,-2.695141,0.1131035,1.103695
5.011497,66,2.995283,100.9743,122.7295,-185.083,11.15505,-2.026701,5.484954,-1.048394,-1.220943,1.691525
5.011497,67,10.60193,-286.502,63.65589,304.0895,-6.844408,0.03653701,-7.19312,2.078235,0.07863493,-2.943374
5.011497,68,11.88974,142.4203,355.6359,301.1004,-8.022133,-1.069132,4.083179,-1.040037,-2.542395,-2.017148
5.011497,69,3.016774,315.9339,-48.19391,255.5115,-6.810891,0.1228596,7.208123,-0.9439772,0.07329784,-0.7148886
5.011497,70,30.848,-32.24055,-63.40834,-193.73,13.71412,1.227137,-2.36826,5.850806,7.374678,29.55199
5.011497,71,30.5224,-433.1156,-32.43335,23.74406,0.2317218,0.2244644,-9.569257,10.88096,1.351803,-0.7145399
5.011497,72,9.065695,177.8924,-26.74429,-20.66444,1.44761,0.8936585,14.69228,-11.35809,1.499723,1.279084
5.011497,73,7.999197,152.5289,-429.5513,-18.05459,3.613806,1.904029,8.249678,-0.2748803,3.055503,-0.4597748
5.011497,74,12.93526,73.78072,30.49671,230.4946,-12.15303,-0.5434663,3.61269,-2.667196,-1.382492,-8.844211
5.011497,75,1.456576,296.0779,45.98786,279.1308,-7.239725,-0.2842342,6.728787,-0.39706,-0.08493152,-0.3600575
5.011497,76,7.296525,258.3413,-406.3876,-50.86318,2.05582,1.268341,8.618594,-1.76669,1.8846,0.216368
5.011497,77,1.920252,174.4047,298.4072,21.25654,0.939303,-1.515207,10.42684,-0.3977317,-0.5804775,-0.08263723
5.011497,78,8.990705,-240.0295,-184.325,-120.7843,4.948359,1.192414,-10.16323,3.782807,2.157668,1.18652
5.011497,79,10.79206,109.489,223.3831,422.5065,-8.753897,-0.5712463,1.897186,-0.6483793,-1.231831,-2.701375
5.011497,80,21.98438,-85.89555,-22.55346,-28.59038,3.616946,10.10608,-18.05309,97.94884,25.36417,30.46569
5.011497,81,2.305743,-25.50101,-386.3985,-228.1296,9.156553,1.555956,-2.102918,0.09684725,0.7190051,0.383562
5.011497,82,5.04511,312.8037,85.98949,-209.0753,5.425273,-0.4308963,8.73033,-1.363475,-0.4407444,1.085765
5.011497,83,19.91114,-45.36484,268.4276,-272.6924,9.881964,-1.235916,-2.188794,1.107441,-4.950254,5.171013
5.011497,84,8.37199,21.91488,461.7063,-149.391,9.134597,-1.559325,-0.8823746,0.2658141,-2.603913,0.8863364
5.011497,85,9.658037,154.6272,-135.6922,191.1747,-8.774504,1.494834,7.841988,-2.801853,2.769558,-3.435601
5.011497,86,1.632227,88.85791,-71.37485,149.9858,-11.81922,2.233707,8.088531,-0.8425193,0.6852694,-1.434192
5.011497,87,10.02798,-194.0849,-235.7734,-143.228,5.69897,1.952313,-9.221476,2.666677,3.906395,1.667409
5.011497,88,4.783733,109.0119,-314.3936,-41.02261,7.577958,2.243399,7.425648,-0.5184793,2.121459,0.09235958
5.011497,89,3.142479,10.4383,307.801,158.0002,-10.32174,-1.372302,3.323256,-0.2405057,-0.8669724,-0.6586041
5.011497,90,14.57968,358.5389,-242.7335,-73.20698,1.760529,0.7612081,9.299706,-3.932173,2.2041,0.7668763
5.011497,91,17.77757,108.2695,-137.7549,344.7747,-9.964014,0.2926668,2.461759,-2.696095,1.052611,-6.866673
5.011497,92,7.807397,139.818,-261.6765,-22.91253,4.890864,2.044231,9.874844,-2.211774,3.126137,-0.07844768
5.011497,93,5.428561,122.0974,-189.9432,-178.977,9.533984,1.908779,5.591132,-1.909744,2.08623,1.752409
5.011497,94,4.772116,75.52144,181.9636,280.9258,-10.05852,-1.076296,2.925366,-0.2353592,-1.022965,-1.641354
5.011497,95,9.444166,424.3304,81.07458,20.71454,-0.9765139,-0.2576483,9.55821,-2.98864,-0.480346,-0.1055139
5.011497,96,10.69264,-199.0255,328.088,263.6219,-7.69228,-1.297628,-5.469385,0.8620427,-2.782173,-2.196994
5.011497,97,5.099006,158.422,417.0444,-180.6288,7.28267,-1.167083,5.375041,-0.6140802,-1.17182,0.7545095
5.011497,98,5.463158,-57.53427,34.21597,-493.48,9.095204,0.2279197,-0.4538992,0.385159,0.2576633,1.524241
5.011497,99,6.233302,102.0962,-320.1522,-360.0072,8.512048,1.049495,2.520617,-0.4614066,1.328068,1.38652
5.011497,100,1000,-1.924859,-0.9478149,-1.036565,-0.6147392,-0.3185807,-0.5682193,-16.50648,-20.31635,-173.6191
