time,index,mass,x,y,z,vx,vy,vz,fx,fy,fz,ke,pe
0,0,39.02491,-165.3759,-430.3596,28.68867,5.321025E-05,0.0001384697,-9.230679E-06,0.1038263,0.2701883,-0.01801132,4.310378E-07,-66.9826
0,1,40.21291,-1.032765E-06,-2.687578E-06,1.791596E-07,-5.163827E-05,-0.0001343789,8.957979E-06,-0.1038263,-0.2701883,0.01801132,4.183037E-07,-66.9826
1.002438,0,39.02491,-165.3745,-430.3559,28.68843,0.002713752,0.007062029,-0.0004707697,0.1038296,0.2701968,-0.01801189,0.001121153,-66.98367
1.002438,1,40.21291,-0.001369455,-0.003563748,0.0002375669,-0.002633581,-0.006853398,0.000456862,-0.1038296,-0.2701971,0.0180119,0.001088031,-66.98369
2.010134,0,39.02491,-165.3704,-430.3453,28.68773,0.005374464,0.01398603,-0.0009323382,0.1038394,0.2702226,-0.01801361,0.004397388,-66.98686
2.010134,1,40.21291,-0.00531989,-0.01384401,0.0009228712,-0.00521569,-0.01357285,0.0009047951,-0.1038396,-0.2702229,0.01801363,0.004267484,-66.9869
3.003175,0,39.02491,-165.3637,-430.3278,28.68656,0.008035515,0.02091092,-0.001393966,0.1038559,0.2702654,-0.01801647,0.009829966,-66.99216
3.003175,1,40.21291,-0.01185259,-0.03084414,0.002056136,-0.007798131,-0.02029317,0.001352786,-0.1038561,-0.270266,0.0180165,0.00953958,-66.99223
4.011234,0,39.02491,-165.3543,-430.3033,28.68493,0.01069708,0.02783713,-0.001855681,0.103879,0.2703255,-0.01802047,0.01742026,-66.99961
4.011234,1,40.21291,-0.02096797,-0.05456519,0.003637432,-0.01038107,-0.02701477,0.001800862,-0.1038793,-0.2703262,0.01802052,0.01690566,-66.99969
5.008044,0,39.02491,-165.3422,-430.2719,28.68284,0.01335931,0.0347651,-0.002317515,0.1039087,0.2704028,-0.01802562,0.0271702,-67.00919
5.008044,1,40.21291,-0.03266661,-0.0850087,0.005666866,-0.01296466,-0.03373809,0.002249053,-0.103909,-0.2704035,0.01802568,0.0263676,-67.00928
6.009507,0,39.02491,-165.3275,-430.2335,28.68029,0.0160224,0.04169528,-0.002779495,0.103945,0.2704972,-0.01803192,0.03908226,-67.02088
6.009507,1,40.21291,-0.04694925,-0.1221766,0.008144555,-0.01554908,-0.04046355,0.002697386,-0.1039454,-0.2704982,0.01803199,0.03792779,-67.02101
7.010736,0,39.02491,-165.3101,-430.1882,28.67727,0.01868651,0.0486281,-0.003241652,0.1039879,0.2706088,-0.01803937,0.05315945,-67.03472
7.010736,1,40.21291,-0.0638168,-0.1660712,0.01107066,-0.01813449,-0.04719159,0.003145892,-0.1039884,-0.2706101,0.01803945,0.05158919,-67.03487
8.003942,0,39.02491,-165.2901,-430.136,28.67379,0.0213518,0.055564,-0.003704014,0.1040375,0.2707378,-0.01804797,0.06940535,-67.05069
8.003942,1,40.21291,-0.08327033,-0.2166954,0.01444538,-0.02072105,-0.05392263,0.003594597,-0.104038,-0.2707392,0.01804806,0.06735528,-67.05086
9.003541,0,39.02491,-165.2674,-430.0768,28.66985,0.02401844,0.06250345,-0.004166612,0.1040938,0.2708841,-0.01805772,0.08782414,-67.06881
9.003541,1,40.21291,-0.1053111,-0.2740523,0.01826891,-0.02330893,-0.06065709,0.004043531,-0.1040943,-0.2708856,0.01805782,0.08523004,-67.06899
10.00303,0,39.02491,-165.242,-430.0107,28.66545,0.02668662,0.06944686,-0.004629476,0.1041566,0.2710477,-0.01806863,0.1084204,-67.08906
10.00303,1,40.21291,-0.1299404,-0.3381456,0.02254151,-0.0258983,-0.06739542,0.004492722,-0.1041573,-0.2710494,0.01806874,0.1052181,-67.08926
11.00025,0,39.02491,-165.214,-429.9377,28.66059,0.02935649,0.07639471,-0.005092634,0.1042262,0.2712288,-0.0180807,0.1311996,-67.11147
11.00025,1,40.21291,-0.15716,-0.4089793,0.02726344,-0.02848932,-0.07413805,0.004942199,-0.104227,-0.2712307,0.01808083,0.1273245,-67.1117
12.00135,0,39.02491,-165.1832,-429.8577,28.65526,0.03202824,0.08334741,-0.005556116,0.1043025,0.2714274,-0.01809394,0.1561673,-67.13602
12.00135,1,40.21291,-0.1869715,-0.486558,0.032435,-0.03108215,-0.0808854,0.005391993,-0.1043033,-0.2714294,0.01809408,0.1515549,-67.13628
13.00306,0,39.02491,-165.1498,-429.7708,28.64946,0.03470202,0.09030543,-0.006019953,0.1043856,0.2716435,-0.01810835,0.1833301,-67.16275
13.00306,1,40.21291,-0.2193768,-0.5708867,0.03805653,-0.03367697,-0.08763792,0.00584213,-0.1043864,-0.2716457,0.0181085,0.1779155,-67.16302
14.00387,0,39.02491,-165.1137,-429.677,28.64321,0.03737804,0.09726922,-0.006484176,0.1044754,0.2718773,-0.01812393,0.2126948,-67.19164
14.00387,1,40.21291,-0.2543781,-0.6619707,0.04412839,-0.03627393,-0.09439604,0.00629264,-0.1044763,-0.2718796,0.01812409,0.206413,-67.19193
15.00763,0,39.02491,-165.075,-429.5762,28.63649,0.04005643,0.1042392,-0.006948812,0.104572,0.2721286,-0.01814069,0.244269,-67.22269
15.00763,1,40.21291,-0.2919775,-0.7598159,0.05065097,-0.03887323,-0.1011602,0.006743554,-0.104573,-0.2721312,0.01814086,0.237055,-67.22301
16.01522,0,39.02491,-165.0336,-429.4684,28.6293,0.04273739,0.1112159,-0.007413893,0.1046755,0.2723979,-0.01815864,0.2780609,-67.25595
16.01522,1,40.21291,-0.3321774,-0.8644286,0.05762467,-0.04147501,-0.1079309,0.007194899,-0.1046765,-0.2724007,0.01815883,0.2698491,-67.25629
17.0139,0,39.02491,-164.9895,-429.3536,28.62165,0.04542109,0.1181997,-0.00787945,0.1047858,0.2726851,-0.01817778,0.3140791,-67.29139
17.0139,1,40.21291,-0.3749804,-0.9758154,0.06504994,-0.04407945,-0.1147084,0.007646706,-0.104787,-0.272688,0.01817798,0.3048037,-67.29175
18.01575,0,39.02491,-164.9427,-429.2318,28.61353,0.04810771,0.1251912,-0.008345512,0.1049031,0.2729903,-0.01819813,0.352333,-67.32903
18.01575,1,40.21291,-0.4203895,-1.093983,0.07292729,-0.04668673,-0.1214934,0.008099006,-0.1049043,-0.2729934,0.01819833,0.341928,-67.32941
19.00774,0,39.02491,-164.8932,-429.1031,28.60495,0.05079742,0.1321907,-0.008812112,0.1050273,0.2733136,-0.01821968,0.3928325,-67.36889
19.00774,1,40.21291,-0.4684072,-1.21894,0.08125719,-0.04929701,-0.1282861,0.008551826,-0.1050286,-0.2733168,0.0182199,0.3812315,-67.36929
20.01216,0,39.02491,-164.841,-428.9673,28.5959,0.05349041,0.1391986,-0.009279278,0.1051586,0.2736552,-0.01824245,0.435588,-67.41098
20.01216,1,40.21291,-0.5190368,-1.350694,0.09004016,-0.05191047,-0.1350872,0.009005197,-0.1051599,-0.2736586,0.01824268,0.4227248,-67.4114
21.00367,0,39.02491,-164.7862,-428.8245,28.58638,0.05618685,0.1462156,-0.009747045,0.1052969,0.2740151,-0.01826645,0.4806108,-67.45529
21.00367,1,40.21291,-0.5722815,-1.489254,0.09927682,-0.05452729,-0.1418969,0.009459151,-0.1052983,-0.2740187,0.01826669,0.4664182,-67.45574
22.01611,0,39.02491,-164.7286,-428.6747,28.5764,0.05888695,0.1532421,-0.01021544,0.1054423,0.2743934,-0.01829167,0.5279125,-67.50185
22.01611,1,40.21291,-0.6281449,-1.634627,0.1089677,-0.05714764,-0.1487159,0.009913717,-0.1054438,-0.2743973,0.01829192,0.5123234,-67.50232
23.01366,0,39.02491,-164.6683,-428.5179,28.56594,0.06159085,0.1602785,-0.01068451,0.1055949,0.2747905,-0.01831814,0.5775056,-67.55067
23.01366,1,40.21291,-0.6866304,-1.786825,0.1191136,-0.0597717,-0.1555445,0.01036893,-0.1055964,-0.2747945,0.01831841,0.5604525,-67.55116
24.02,0,39.02491,-164.6041,-428.3506,28.5548,0.06435297,0.1674663,-0.01116366,0.1057579,0.2752147,-0.01834642,0.6304647,-67.6028
24.02,1,40.21291,-0.7489911,-1.949107,0.1299316,-0.06245224,-0.1625201,0.01083394,-0.1057595,-0.275219,0.0183467,0.6118484,-67.60331
25.00732,0,39.02491,-164.5397,-428.1831,28.54362,0.06701086,0.174383,-0.01162474,0.1059217,0.275641,-0.01837483,0.683619,-67.65512
25.00732,1,40.21291,-0.8114838,-2.111731,0.1407726,-0.06503165,-0.1692325,0.0112814,-0.1059234,-0.2756453,0.01837512,0.6634331,-67.65566
26.00448,0,39.02491,-164.4713,-428.0051,28.53176,0.06972732,0.1814521,-0.01209599,0.1060961,0.2760948,-0.01840509,0.7401672,-67.71079
26.00448,1,40.21291,-0.8778595,-2.284461,0.1522871,-0.06766791,-0.1760929,0.01173873,-0.1060979,-0.2760994,0.01840539,0.718312,-67.71136
27.00377,0,39.02491,-164.4002,-427.82,28.51942,0.07244837,0.188533,-0.01256802,0.1062779,0.2765678,-0.01843662,0.7990628,-67.76877
27.00377,1,40.21291,-0.9468738,-2.464058,0.1642594,-0.07030861,-0.1829648,0.01219682,-0.1062797,-0.2765726,0.01843693,0.7754692,-67.76935
28.01368,0,39.02491,-164.3264,-427.6279,28.50662,0.07517416,0.1956264,-0.01304088,0.1064671,0.2770603,-0.01846945,0.8603217,-67.82909
28.01368,1,40.21291,-1.018531,-2.650532,0.1766902,-0.07295394,-0.1898487,0.01265572,-0.106469,-0.2770652,0.01846978,0.8349203,-67.82969
29.00999,0,39.02491,-164.2498,-427.4286,28.49333,0.07790489,0.2027326,-0.01351459,0.1066639,0.2775724,-0.01850359,0.9239603,-67.89174
29.00999,1,40.21291,-1.092836,-2.843898,0.1895804,-0.07560405,-0.1967452,0.01311545,-0.1066658,-0.2775775,0.01850393,0.8966805,-67.89236
30.0069,0,39.02491,-164.1705,-427.2223,28.47958,0.08064077,0.2098522,-0.0139892,0.1068683,0.2781042,-0.01853904,0.9899954,-67.95674
30.0069,1,40.21291,-1.169794,-3.044166,0.2029307,-0.07825916,-0.2036546,0.01357605,-0.1068703,-0.2781096,0.0185394,0.9607666,-67.9574
31.00281,0,39.02491,-164.0885,-427.0088,28.46535,0.08338199,0.2169857,-0.01446474,0.1070803,0.2786561,-0.01857583,1.058445,-68.02414
31.00281,1,40.21291,-1.24941,-3.25135,0.216742,-0.08091944,-0.2105774,0.01403754,-0.1070825,-0.2786616,0.0185762,1.027196,-68.02482
32.00299,0,39.02491,-164.0037,-426.7881,28.45064,0.08612873,0.2241336,-0.01494123,0.1073002,0.2792282,-0.01861397,1.129328,-68.09393
32.00299,1,40.21291,-1.331688,-3.465464,0.2310153,-0.08358511,-0.2175143,0.01449997,-0.1073024,-0.2792339,0.01861435,1.095987,-68.09464
33.02,0,39.02491,-163.9144,-426.5557,28.43515,0.08893633,0.2314398,-0.01542828,0.1075325,0.2798327,-0.01865426,1.204154,-68.1676
33.02,1,40.21291,-1.418361,-3.691014,0.246051,-0.08630981,-0.2246049,0.01497264,-0.1075348,-0.2798386,0.01865466,1.168605,-68.16833
34.00472,0,39.02491,-163.8259,-426.3254,28.4198,0.09163965,0.2384747,-0.01589724,0.1077635,0.2804338,-0.01869434,1.27847,-68.24078
34.00472,1,40.21291,-1.504257,-3.914539,0.2609516,-0.08893333,-0.2314321,0.01542776,-0.1077658,-0.2804399,0.01869475,1.240728,-68.24152
35.01284,0,39.02491,-163.7328,-426.0833,28.40366,0.09440425,0.245669,-0.01637683,0.1080071,0.2810678,-0.0187366,1.356771,-68.31788
35.01284,1,40.21291,-1.594558,-4.14953,0.2766166,-0.09161628,-0.2384139,0.01589318,-0.1080096,-0.2810742,0.01873703,1.316718,-68.31865
36.00898,0,39.02491,-163.637,-425.8339,28.38703,0.09717517,0.2528797,-0.01685752,0.1082589,0.281723,-0.01878028,1.437587,-68.39745
36.00898,1,40.21291,-1.687545,-4.391512,0.2927476,-0.09430538,-0.2454118,0.01635968,-0.1082614,-0.2817295,0.01878071,1.395149,-68.39824
37.00555,0,39.02491,-163.5384,-425.5774,28.36993,0.09995264,0.2601076,-0.01733934,0.1085188,0.2823994,-0.01882537,1.52094,-68.47952
37.00555,1,40.21291,-1.783225,-4.640501,0.3093456,-0.09700087,-0.2524263,0.01682728,-0.1085214,-0.2824062,0.01882582,1.476043,-68.48034
38.00189,0,39.02491,-163.437,-425.3135,28.35234,0.1027369,0.267353,-0.01782233,0.1087871,0.2830976,-0.01887192,1.606853,-68.56413
38.00189,1,40.21291,-1.881603,-4.896512,0.3264118,-0.09970293,-0.2594579,0.01729602,-0.1087898,-0.2831046,0.01887238,1.559421,-68.56497
39.01116,0,39.02491,-163.3329,-425.0425,28.33427,0.1055281,0.2746166,-0.01830654,0.1090638,0.2838177,-0.01891991,1.695351,-68.65126
39.01116,1,40.21291,-1.982687,-5.159563,0.3439474,-0.1024118,-0.2665071,0.01776593,-0.1090666,-0.2838249,0.0189204,1.645308,-68.65213
40.00502,0,39.02491,-163.2259,-424.7642,28.31572,0.1083265,0.281899,-0.018792,0.109349,0.2845599,-0.01896939,1.786459,-68.74097
40.00502,1,40.21291,-2.086483,-5.429674,0.3619535,-0.1051276,-0.2735745,0.01823706,-0.1093519,-0.2845673,0.01896989,1.733728,-68.74187
41.00092,0,39.02491,-163.1162,-424.4786,28.29668,0.1111324,0.2892007,-0.01927875,0.1096429,0.2853247,-0.01902038,1.880203,-68.83328
41.00092,1,40.21291,-2.192999,-5.70686,0.3804314,-0.1078506,-0.2806607,0.01870944,-0.1096458,-0.2853323,0.01902088,1.824705,-68.8342
42.00043,0,39.02491,-163.0036,-424.1856,28.27715,0.1139459,0.2965223,-0.01976682,0.1099456,0.2861123,-0.01907288,1.976609,-68.92822
42.00043,1,40.21291,-2.302242,-5.991143,0.3993822,-0.1105811,-0.2877662,0.01918311,-0.1099486,-0.2861201,0.0190734,1.918267,-68.92916
43.02,0,39.02491,-162.8859,-423.8793,28.25673,0.1168238,0.3040114,-0.02026607,0.1102634,0.2869394,-0.01912802,2.077714,-69.02779
43.02,1,40.21291,-2.416487,-6.288443,0.4192008,-0.113374,-0.2950342,0.01966762,-0.1102666,-0.2869475,0.01912856,2.016389,-69.02876
44.01324,0,39.02491,-162.77,-423.5777,28.23663,0.1195967,0.3112274,-0.02074711,0.1105777,0.2877571,-0.01918253,2.177518,-69.12607
44.01324,1,40.21291,-2.528939,-6.581072,0.4387084,-0.1160651,-0.3020373,0.02013446,-0.1105809,-0.2877654,0.01918308,2.11325,-69.12707
45.01305,0,39.02491,-162.649,-423.2627,28.21563,0.1224345,0.3186123,-0.0212394,0.1109073,0.288615,-0.01923971,2.282081,-69.22903
45.01305,1,40.21291,-2.646408,-6.886763,0.4590864,-0.1188192,-0.3092042,0.02061222,-0.1109106,-0.2886236,0.01924029,2.214728,-69.23006
46.01171,0,39.02491,-162.5251,-422.9404,28.19414,0.1252809,0.3260194,-0.02173318,0.1112462,0.289497,-0.01929851,2.389422,-69.33473
46.01171,1,40.21291,-2.766635,-7.199629,0.4799429,-0.1215815,-0.3163927,0.02109142,-0.1112496,-0.2895058,0.0192991,2.318903,-69.33578
47.00845,0,39.02491,-162.3983,-422.6106,28.17215,0.1281361,0.3334494,-0.02222847,0.1115946,0.2904035,-0.01935894,2.499574,-69.44321
47.00845,1,40.21291,-2.889629,-7.519699,0.5012793,-0.1243524,-0.3236035,0.0215721,-0.1115981,-0.2904126,0.01935954,2.425806,-69.44428
48.0041,0,39.02491,-162.2687,-422.2733,28.14967,0.1310003,0.340903,-0.02272535,0.1119525,0.291335,-0.01942104,2.612569,-69.55449
48.0041,1,40.21291,-3.015399,-7.846989,0.5230972,-0.1271321,-0.3308371,0.02205433,-0.1119561,-0.2913443,0.01942166,2.535468,-69.5556
49.00282,0,39.02491,-162.1363,-421.9286,28.12669,0.1338738,0.3483808,-0.02322383,0.1123202,0.2922917,-0.01948481,2.72844,-69.66859
49.00282,1,40.21291,-3.143952,-8.181525,0.5453983,-0.1299209,-0.3380942,0.02253811,-0.1123239,-0.2923013,0.01948545,2.647922,-69.66973
50.01448,0,39.02491,-162.0009,-421.5764,28.10321,0.1367569,0.3558834,-0.02372397,0.1126977,0.293274,-0.0195503,2.847223,-69.78557
50.01448,1,40.21291,-3.275299,-8.523332,0.5681838,-0.132719,-0.3453754,0.02302349,-0.1127014,-0.2932838,0.01955095,2.763202,-69.78674
51.01225,0,39.02491,-161.8627,-421.2167,28.07923,0.1396497,0.3634115,-0.02422582,0.1130852,0.2942825,-0.01961752,2.968954,-69.90545
51.01225,1,40.21291,-3.409449,-8.872431,0.5914556,-0.1355265,-0.3526814,0.02351053,-0.113089,-0.2942926,0.01961819,2.881342,-69.90665
52.01009,0,39.02491,-161.7216,-420.8494,28.05475,0.1425527,0.3709659,-0.02472941,0.1134829,0.2953175,-0.01968652,3.09367,-70.02827
52.01009,1,40.21291,-3.546412,-9.228849,0.6152153,-0.1383437,-0.3600128,0.02399926,-0.1134869,-0.2953278,0.01968721,3.00238,-70.0295
53.0081,0,39.02491,-161.5775,-420.4746,28.02976,0.145466,0.3785471,-0.02523479,0.113891,0.2963794,-0.01975731,3.22141,-70.15407
53.0081,1,40.21291,-3.686197,-9.592611,0.6394645,-0.1411711,-0.3673703,0.02448973,-0.113895,-0.2963901,0.01975802,3.126352,-70.15532
54.00306,0,39.02491,-161.4306,-420.0922,28.00427,0.1483898,0.3861559,-0.02574201,0.1143096,0.2974688,-0.01982993,3.352211,-70.28288
54.00306,1,40.21291,-3.828814,-9.963745,0.6642051,-0.1440086,-0.3747546,0.02498198,-0.1143138,-0.2974797,0.01983065,3.253297,-70.28416
55.01321,0,39.02491,-161.2807,-419.7022,27.97827,0.1513245,0.393793,-0.02625111,0.1147389,0.2985861,-0.0199044,3.486117,-70.41474
55.01321,1,40.21291,-3.974274,-10.34228,0.6894389,-0.1468568,-0.3821663,0.02547607,-0.1147432,-0.2985973,0.01990515,3.383254,-70.41606
56.01013,0,39.02491,-161.1279,-419.3045,27.95176,0.1542704,0.4014591,-0.02676215,0.1151792,0.2997319,-0.01998078,3.623169,-70.54971
56.01013,1,40.21291,-4.12259,-10.72824,0.7151676,-0.1497157,-0.3896062,0.02597203,-0.1151835,-0.2997432,0.01998154,3.516264,-70.55105
57.00539,0,39.02491,-160.9721,-418.8991,27.92473,0.1572277,0.409155,-0.02727517,0.1156306,0.3009066,-0.0200591,3.763412,-70.68783
57.00539,1,40.21291,-4.273768,-11.12165,0.7413933,-0.1525858,-0.397075,0.02646991,-0.1156351,-0.3009183,0.02005988,3.65237,-70.68921
58.00041,0,39.02491,-160.8133,-418.4861,27.8972,0.1601967,0.4168813,-0.02779022,0.1160933,0.3021107,-0.02013936,3.906886,-70.82912
58.00041,1,40.21291,-4.427823,-11.52255,0.768118,-0.1554672,-0.4045733,0.02696977,-0.1160979,-0.3021227,0.02014017,3.791614,-70.83054
59.01048,0,39.02491,-160.6516,-418.0652,27.86914,0.1631777,0.4246388,-0.02830736,0.1165676,0.303345,-0.02022164,4.053641,-70.97366
59.01048,1,40.21291,-4.584765,-11.93096,0.7953436,-0.1583603,-0.412102,0.02747164,-0.1165723,-0.3033572,0.02022246,3.934043,-70.97509
60.00793,0,39.02491,-160.4869,-417.6366,27.84057,0.166171,0.4324283,-0.02882663,0.1170536,0.3046097,-0.02030595,4.203724,-71.12146
60.00793,1,40.21291,-4.744606,-12.34691,0.823072,-0.1612653,-0.4196617,0.02797559,-0.1170585,-0.3046223,0.02030679,4.079702,-71.12293
61.006,0,39.02491,-160.3192,-417.2002,27.81148,0.169177,0.4402507,-0.02934809,0.1175516,0.3059056,-0.02039234,4.357186,-71.27259
61.006,1,40.21291,-4.907359,-12.77044,0.8513054,-0.1641826,-0.4272534,0.02848166,-0.1175566,-0.3059186,0.0203932,4.22864,-71.27409
62.00156,0,39.02491,-160.1485,-416.756,27.78186,0.1721958,0.4481067,-0.02987179,0.1180619,0.3072335,-0.02048085,4.514076,-71.42711
62.00156,1,40.21291,-5.073034,-13.20158,0.8800461,-0.1671124,-0.4348776,0.02898991,-0.1180669,-0.3072467,0.02048174,4.380905,-71.42865
63.00001,0,39.02491,-159.9748,-416.3038,27.75172,0.1752279,0.4559972,-0.0303978,0.1185845,0.3085937,-0.02057153,4.674448,-71.58504
63.00001,1,40.21291,-5.241647,-13.64036,0.9092963,-0.170055,-0.4425353,0.02950039,-0.1185898,-0.3086073,0.02057244,4.536548,-71.58662
64.00022,0,39.02491,-159.798,-415.8438,27.72105,0.1782736,0.4639229,-0.03092615,0.11912,0.3099871,-0.02066441,4.838355,-71.74648
64.00022,1,40.21291,-5.413208,-14.08682,0.939058,-0.1730108,-0.4502272,0.03001315,-0.1191253,-0.310001,0.02066534,4.695623,-71.74809
65.01062,0,39.02491,-159.6181,-415.3758,27.68985,0.1813331,0.4718848,-0.0314569,0.1196684,0.3114142,-0.02075954,5.005851,-71.91144
65.01062,1,40.21291,-5.587732,-14.54098,0.9693337,-0.1759801,-0.4579543,0.03052825,-0.1196738,-0.3114284,0.02076049,4.858183,-71.91308
66.00873,0,39.02491,-159.4352,-414.8999,27.65812,0.1844069,0.4798837,-0.03199013,0.12023,0.3128757,-0.02085697,5.176999,-72.07999
66.00873,1,40.21291,-5.765235,-15.00289,1.000126,-0.1789632,-0.4657172,0.03104574,-0.1202356,-0.3128904,0.02085795,5.024285,-72.08167
67.00492,0,39.02491,-159.2493,-414.4159,27.62586,0.1874952,0.4879205,-0.03252588,0.1208052,0.3143725,-0.02095675,5.351852,-72.2522
67.00492,1,40.21291,-5.945725,-15.47258,1.031436,-0.1819604,-0.4735172,0.03156569,-0.1208109,-0.3143874,0.02095774,5.193991,-72.25391
68.01524,0,39.02491,-159.0602,-413.9238,27.59306,0.1905985,0.4959961,-0.03306422,0.1213942,0.3159053,-0.02105893,5.530477,-72.42813
68.01524,1,40.21291,-6.12922,-15.95009,1.063268,-0.1849722,-0.4813547,0.03208815,-0.1214001,-0.3159206,0.02105995,5.367352,-72.42988
69.01,0,39.02491,-158.868,-413.4237,27.55972,0.193717,0.5041115,-0.03360521,0.1219973,0.3174748,-0.02116355,5.712935,-72.60782
69.01,1,40.21291,-6.315735,-16.43546,1.095624,-0.1879988,-0.4892307,0.03261318,-0.1220033,-0.3174904,0.0211646,5.544432,-72.60961
70.00286,0,39.02491,-158.6727,-412.9154,27.52584,0.1968512,0.5122676,-0.03414891,0.1226148,0.3190818,-0.02127068,5.899292,-72.79136
70.00286,1,40.21291,-6.505284,-16.92873,1.128506,-0.1910405,-0.4971462,0.03314085,-0.122621,-0.3190979,0.02127175,5.725296,-72.79319
71.01437,0,39.02491,-158.4742,-412.399,27.49141,0.2000014,0.5204654,-0.03469539,0.1232472,0.3207273,-0.02138038,6.089614,-72.97881
71.01437,1,40.21291,-6.697882,-17.42993,1.161917,-0.1940978,-0.5051022,0.03367122,-0.1232535,-0.3207437,0.02138147,5.91001,-72.98067
72.01203,0,39.02491,-158.2726,-411.8744,27.45643,0.203168,0.5287059,-0.03524472,0.1238946,0.322412,-0.02149268,6.283973,-73.17023
72.01203,1,40.21291,-6.893546,-17.93911,1.19586,-0.197171,-0.5130996,0.03420434,-0.123901,-0.3224287,0.0214938,6.09864,-73.17213
73.00985,0,39.02491,-158.0679,-411.3414,27.42091,0.2063514,0.53699,-0.03579696,0.1245574,0.3241369,-0.02160766,6.482439,-73.36569
73.00985,1,40.21291,-7.092291,-18.4563,1.230337,-0.2002605,-0.5211395,0.0347403,-0.124564,-0.3241541,0.02160881,6.29126,-73.36764
74.00861,0,39.02491,-157.8599,-410.8002,27.38483,0.209552,0.545319,-0.03635218,0.125236,0.3259028,-0.02172539,6.685089,-73.56528
74.00861,1,40.21291,-7.294135,-18.98156,1.265352,-0.2033667,-0.5292227,0.03527914,-0.1252428,-0.3259205,0.02172657,6.487937,-73.56727
75.02,0,39.02491,-157.6444,-410.2395,27.34745,0.2128347,0.5538616,-0.03692165,0.1259449,0.3277475,-0.02184836,6.896178,-73.77318
75.02,1,40.21291,-7.503224,-19.52568,1.301624,-0.2065526,-0.5375134,0.03583182,-0.1259518,-0.3277656,0.02184956,6.692808,-73.77521
76.00687,0,39.02491,-157.4342,-409.6926,27.31099,0.2160064,0.5621152,-0.03747185,0.1266422,0.3295621,-0.02196932,7.103243,-73.97712
76.00687,1,40.21291,-7.707183,-20.05644,1.337006,-0.2096307,-0.5455236,0.0363658,-0.1266493,-0.3295806,0.02197055,6.893771,-73.97919
77.00506,0,39.02491,-157.2166,-409.1262,27.27323,0.2192611,0.5705848,-0.03803645,0.1273704,0.3314573,-0.02209565,7.318911,-74.18952
77.00506,1,40.21291,-7.918423,-20.60615,1.373651,-0.2127894,-0.5537435,0.03691376,-0.1273776,-0.3314761,0.02209691,7.103084,-74.19163
78.00375,0,39.02491,-156.9957,-408.5513,27.23491,0.2225347,0.5791038,-0.03860432,0.1281161,0.3333977,-0.022225,7.539088,-74.40636
78.00375,1,40.21291,-8.132829,-21.16411,1.410846,-0.2159663,-0.5620111,0.03746489,-0.1281235,-0.333417,0.02222629,7.31677,-74.40852
79.00407,0,39.02491,-156.7714,-407.9678,27.19601,0.2258275,0.5876728,-0.03917556,0.1288796,0.3353845,-0.02235745,7.763852,-74.62774
79.00407,1,40.21291,-8.350424,-21.73036,1.448593,-0.2191621,-0.5703274,0.03801928,-0.1288872,-0.3354043,0.02235877,7.534911,-74.62994
80.01285,0,39.02491,-156.5439,-407.3757,27.15654,0.2291402,0.5962934,-0.03975023,0.1296613,0.3374187,-0.02249306,7.993299,-74.85372
80.01285,1,40.21291,-8.571225,-22.30495,1.486897,-0.2223771,-0.5786937,0.03857701,-0.129669,-0.337439,0.02249441,7.757597,-74.85597
81.00977,0,39.02491,-156.3131,-406.775,27.11649,0.2324732,0.6049668,-0.04032841,0.1304617,0.3395017,-0.02263191,8.227522,-75.0844
81.00977,1,40.21291,-8.79525,-22.88793,1.52576,-0.2256118,-0.5871114,0.03913815,-0.1304697,-0.3395224,0.02263329,7.984921,-75.0867
82.0071,0,39.02491,-156.0789,-406.1656,27.07587,0.2358269,0.6136941,-0.0409102,0.1312813,0.3416346,-0.02277409,8.466617,-75.31989
82.0071,1,40.21291,-9.02252,-23.47936,1.565185,-0.2288666,-0.5955814,0.03970278,-0.1312895,-0.3416558,0.02277551,8.216974,-75.32224
83.00674,0,39.02491,-155.8414,-405.5474,27.03466,0.2392018,0.6224768,-0.04149567,0.1321206,0.3438187,-0.02291969,8.710687,-75.56027
83.00674,1,40.21291,-9.253054,-24.07928,1.605178,-0.232142,-0.6041052,0.04027099,-0.132129,-0.3438405,0.02292114,8.453855,-75.56267
84.00518,0,39.02491,-155.6004,-404.9204,26.99287,0.2425986,0.6313162,-0.04208492,0.1329801,0.3460554,-0.02306879,8.959832,-75.80566
84.00518,1,40.21291,-9.486876,-24.68776,1.64574,-0.2354386,-0.6126839,0.04084286,-0.1329887,-0.3460777,0.02307028,8.695661,-75.8081
85.00386,0,39.02491,-155.3561,-404.2846,26.95048,0.2460176,0.6402135,-0.04267804,0.1338604,0.3483462,-0.0232215,9.21416,-76.05614
85.00386,1,40.21291,-9.724007,-25.30484,1.686876,-0.2387569,-0.6213189,0.04141849,-0.1338692,-0.348369,0.02322302,8.942497,-76.05864
86.00092,0,39.02491,-155.1083,-403.6398,26.90749,0.2494595,0.6491704,-0.04327511,0.134762,0.3506925,-0.0233779,9.473783,-76.31185
86.00092,1,40.21291,-9.964463,-25.93059,1.72859,-0.2420973,-0.6300117,0.04199797,-0.134771,-0.3507158,0.02337946,9.194473,-76.3144
87.00359,0,39.02491,-154.8571,-402.986,26.8639,0.2529247,0.658188,-0.04387625,0.1356855,0.3530957,-0.02353811,9.738812,-76.57289
87.00359,1,40.21291,-10.20827,-26.56505,1.770885,-0.2454604,-0.6387634,0.04258139,-0.1356947,-0.3531197,0.02353971,9.451696,-76.57549
88.01313,0,39.02491,-154.6023,-402.3232,26.81972,0.256414,0.667268,-0.04448154,0.1366315,0.3555577,-0.02370223,10.00937,-76.83936
88.01313,1,40.21291,-10.45546,-27.20831,1.813766,-0.2488467,-0.6475758,0.04316884,-0.136641,-0.3555821,0.02370386,9.714286,-76.84202
89.01067,0,39.02491,-154.3441,-401.6513,26.77493,0.2599279,0.6764119,-0.04509109,0.1376007,0.3580796,-0.02387034,10.28558,-77.1114
89.01067,1,40.21291,-10.70604,-27.8604,1.857236,-0.2522569,-0.6564502,0.04376042,-0.1376103,-0.3581048,0.02387202,9.982359,-77.11411
90.00567,0,39.02491,-154.0824,-400.9702,26.72953,0.2634668,0.6856212,-0.045705,0.1385936,0.3606635,-0.02404259,10.56756,-77.38911
90.00567,1,40.21291,-10.96005,-28.5214,1.901302,-0.2556914,-0.6653881,0.04435624,-0.1386035,-0.3606893,0.02404431,10.25604,-77.39188
91.00218,0,39.02491,-153.8171,-400.2799,26.68351,0.2670315,0.6948975,-0.04632337,0.139611,0.3633112,-0.02421909,10.85545,-77.67266
91.00218,1,40.21291,-11.2175,-29.19138,1.945964,-0.259151,-0.6743911,0.04495639,-0.1396212,-0.3633377,0.02422086,10.53545,-77.67549
92.00964,0,39.02491,-153.5483,-399.5802,26.63687,0.2706225,0.7042426,-0.04694634,0.1406537,0.3660245,-0.02439996,11.14938,-77.96216
92.00964,1,40.21291,-11.47843,-29.87039,1.991228,-0.2626362,-0.6834607,0.04556099,-0.1406641,-0.3660516,0.02440177,10.82073,-77.96504
93.00912,0,39.02491,-153.2758,-398.8712,26.5896,0.2742406,0.7136581,-0.04757398,0.1417223,0.3688054,-0.02458535,11.4495,-78.25776
93.00912,1,40.21291,-11.74286,-30.55851,2.0371,-0.2661476,-0.6925986,0.04617017,-0.1417329,-0.3688331,0.02458719,11.11202,-78.2607
94.02,0,39.02491,-152.9941,-398.1382,26.54074,0.2779596,0.7233363,-0.04821914,0.1428398,0.3717135,-0.02477921,11.76215,-78.56569
94.02,1,40.21291,-12.0162,-31.26983,2.084517,-0.2697571,-0.7019915,0.04679633,-0.1428507,-0.3717419,0.0247811,11.41546,-78.5687
95.00425,0,39.02491,-152.7199,-397.4246,26.49317,0.2815607,0.7327079,-0.04884384,0.1439404,0.3745778,-0.02497015,12.0689,-78.86781
95.00425,1,40.21291,-12.28232,-31.96233,2.130681,-0.2732521,-0.7110863,0.04740262,-0.1439516,-0.3746069,0.02497209,11.71317,-78.87088
96.01331,0,39.02491,-152.4365,-396.687,26.444,0.2852641,0.7423452,-0.04948629,0.1450915,0.3775733,-0.02516984,12.38847,-79.18254
96.01331,1,40.21291,-12.5574,-32.67818,2.178401,-0.2768463,-0.7204398,0.04802614,-0.145103,-0.3776032,0.02517183,12.02334,-79.18568
97.01765,0,39.02491,-152.1493,-395.9397,26.39419,0.2889973,0.7520604,-0.05013392,0.1462721,0.3806454,-0.02537463,12.71485,-79.50402
97.01765,1,40.21291,-12.83609,-33.40345,2.226747,-0.2804696,-0.7298686,0.04865469,-0.1462839,-0.380676,0.02537667,12.34011,-79.50722
98.00361,0,39.02491,-151.8584,-395.1827,26.34372,0.2927612,0.7618552,-0.05078688,0.1474827,0.3837957,-0.02558464,13.04821,-79.83234
98.00361,1,40.21291,-13.11843,-34.13814,2.275725,-0.2841226,-0.7393749,0.0492884,-0.1474947,-0.3838272,0.02558674,12.66365,-79.83561
99.00272,0,39.02491,-151.5637,-394.4158,26.2926,0.2965566,0.7717319,-0.05144528,0.1487244,0.3870271,-0.02580005,13.38872,-80.16771
99.00272,1,40.21291,-13.40442,-34.88241,2.325339,-0.2878061,-0.7489607,0.0499274,-0.1487368,-0.3870594,0.0258022,12.99414,-80.17105
100.0095,0,39.02491,-151.2651,-393.639,26.24081,0.3003842,0.7816924,-0.05210927,0.1499982,0.3903422,-0.02602104,13.73656,-80.51031
100.0095,1,40.21291,-13.69412,-35.63629,2.375595,-0.2915209,-0.7586278,0.05057183,-0.1500109,-0.3903752,0.02602324,13.33175,-80.51372
101.0025,0,39.02491,-150.9628,-392.8522,26.18836,0.3042448,0.7917391,-0.052779,0.1513052,0.3937434,-0.02624777,14.09192,-80.86031
101.0025,1,40.21291,-13.98755,-36.39988,2.426497,-0.2952678,-0.7683784,0.05122183,-0.1513183,-0.3937773,0.02625004,13.67665,-80.8638
102.0054,0,39.02491,-150.6566,-392.0553,26.13524,0.3081395,0.801874,-0.05345462,0.1526465,0.3972338,-0.02648044,14.455,-81.21792
102.0054,1,40.21291,-14.28474,-37.17329,2.478053,-0.2990476,-0.7782148,0.05187754,-0.1526599,-0.3972687,0.02648277,14.02906,-81.22148
103.02,0,39.02491,-150.3402,-391.2319,26.08035,0.3121478,0.812305,-0.05414997,0.1540511,0.400889,-0.02672411,14.83352,-81.59074
103.02,1,40.21291,-14.59179,-37.97232,2.531318,-0.302938,-0.7883387,0.05255242,-0.1540648,-0.4009248,0.02672649,14.39644,-81.59438
104.0088,0,39.02491,-150.0323,-390.4308,26.02694,0.3160341,0.8224182,-0.05482414,0.1554364,0.4044941,-0.02696442,15.20518,-81.95677
104.0088,1,40.21291,-14.89055,-38.74979,2.583147,-0.3067097,-0.7981539,0.05320672,-0.1554506,-0.4045309,0.02696687,14.75716,-81.96049
105.0069,0,39.02491,-149.7143,-389.6031,25.97176,0.3200358,0.8328323,-0.05551837,0.1568876,0.4082704,-0.02721616,15.59269,-82.33845
105.0069,1,40.21291,-15.19924,-39.55309,2.636696,-0.3105938,-0.8082613,0.05388051,-0.1569021,-0.4083081,0.02721867,15.13328,-82.34225
106.0043,0,39.02491,-149.3922,-388.7649,25.91589,0.3240753,0.8433446,-0.05621914,0.1583778,0.4121484,-0.02747467,15.98881,-82.72858
106.0043,1,40.21291,-15.51183,-40.36655,2.690923,-0.3145142,-0.8184639,0.05456064,-0.1583927,-0.4121871,0.02747726,15.51774,-82.73247
107.0055,0,39.02491,-149.066,-387.9162,25.85931,0.3281537,0.8539576,-0.05692662,0.1599086,0.416132,-0.02774023,16.39376,-83.12743
107.0055,1,40.21291,-15.82837,-41.19026,2.745833,-0.3184724,-0.8287646,0.05524729,-0.1599239,-0.4161718,0.02774288,15.9108,-83.13139
108.0052,0,39.02491,-148.7358,-387.0568,25.80202,0.3322718,0.864674,-0.057641,0.1614813,0.4202248,-0.02801306,16.8078,-83.53522
108.0052,1,40.21291,-16.14888,-42.02432,2.801434,-0.3224692,-0.8391654,0.05594064,-0.161497,-0.4202656,0.02801578,16.31266,-83.53928
109.0195,0,39.02491,-148.4014,-386.1866,25.74401,0.3364307,0.8754968,-0.05836247,0.1630975,0.4244306,-0.02829343,17.23118,-83.95221
109.0195,1,40.21291,-16.4734,-42.86884,2.857731,-0.3265056,-0.8496696,0.05664086,-0.1631137,-0.4244727,0.02829623,16.72359,-83.95637
110.0058,0,39.02491,-148.0628,-385.3056,25.68528,0.3406316,0.886429,-0.05909123,0.1647587,0.4287536,-0.02858161,17.66419,-84.37867
110.0058,1,40.21291,-16.80198,-43.72391,2.914732,-0.3305829,-0.8602798,0.05734815,-0.1647753,-0.4287968,0.02858449,17.14387,-84.38292
111.0067,0,39.02491,-147.72,-384.4135,25.62581,0.3448757,0.8974735,-0.05982748,0.1664668,0.4331984,-0.02887791,18.10711,-84.81491
111.0067,1,40.21291,-17.13466,-44.58965,2.972443,-0.334702,-0.8709992,0.05806272,-0.1664838,-0.4332429,0.02888087,17.57377,-84.81926
112.0082,0,39.02491,-147.373,-383.5104,25.5656,0.3491642,0.9086335,-0.06057143,0.1682232,0.4377693,-0.02918261,18.56023,-85.26119
112.0082,1,40.21291,-17.47148,-45.46616,3.030874,-0.3388642,-0.8818306,0.05878477,-0.1682407,-0.4378149,0.02918565,18.01357,-85.26563
113.0069,0,39.02491,-147.0216,-382.596,25.50465,0.3534984,0.9199123,-0.0613233,0.17003,0.442471,-0.02949604,19.02387,-85.71783
113.0069,1,40.21291,-17.81249,-46.35357,3.09003,-0.3430708,-0.8927774,0.0595145,-0.170048,-0.4425179,0.02949917,18.46358,-85.72237
114.0054,0,39.02491,-146.6659,-381.6703,25.44294,0.3578795,0.9313134,-0.06208332,0.1718889,0.4473087,-0.02981852,19.49834,-86.18514
114.0054,1,40.21291,-18.15772,-47.25197,3.14992,-0.3473229,-0.9038427,0.06025215,-0.1719075,-0.4473569,0.02982174,18.9241,-86.18979
115.0032,0,39.02491,-146.3057,-380.7331,25.38047,0.3623089,0.9428403,-0.06285173,0.1738022,0.4522875,-0.03015042,19.98399,-86.66346
115.0032,1,40.21291,-18.50723,-48.16151,3.210553,-0.351622,-0.9150302,0.06099794,-0.1738213,-0.4523371,0.03015373,19.39547,-86.66822
116.0059,0,39.02491,-145.9411,-379.7843,25.31722,0.3667882,0.9544966,-0.06362876,0.1757717,0.4574129,-0.03049209,20.48117,-87.15312
116.0059,1,40.21291,-18.86107,-49.0823,3.271935,-0.3559694,-0.9263434,0.0617521,-0.1757914,-0.4574642,0.03049551,19.87804,-87.158
117.0001,0,39.02491,-145.572,-378.8239,25.25319,0.3713186,0.9662864,-0.06441469,0.1778,0.4626911,-0.03084395,20.99025,-87.65452
117.0001,1,40.21291,-19.21928,-50.01446,3.334075,-0.3603665,-0.9377862,0.0625149,-0.1778202,-0.4627438,0.03084747,20.37216,-87.65952
118.0031,0,39.02491,-145.1984,-377.8515,25.18837,0.3759018,0.9782133,-0.06520979,0.1798892,0.468128,-0.03120639,21.51162,-88.16801
118.0031,1,40.21291,-19.58191,-50.95814,3.396983,-0.3648148,-0.9493622,0.06328658,-0.1799102,-0.4681824,0.03121001,20.87822,-88.17313
119.0061,0,39.02491,-144.8201,-376.8671,25.12276,0.3805394,0.9902818,-0.06601431,0.182042,0.4737301,-0.03157984,22.04568,-88.69401
119.0061,1,40.21291,-19.94902,-51.91347,3.460667,-0.369316,-0.9610755,0.0640674,-0.1820635,-0.4737862,0.03158358,21.39659,-88.69925
120.0114,0,39.02491,-144.4372,-375.8706,25.05633,0.385233,1.002496,-0.06682853,0.184261,0.4795046,-0.03196478,22.59286,-89.23293
120.0114,1,40.21291,-20.32065,-52.88057,3.525136,-0.3738715,-0.9729305,0.06485765,-0.1842832,-0.4795624,0.03196863,21.9277,-89.2383
121.0008,0,39.02491,-144.0495,-374.8618,24.98908,0.3899844,1.01486,-0.06765277,0.1865488,0.4854584,-0.03236167,23.1536,-89.7852
121.0008,1,40.21291,-20.69687,-53.85961,3.590401,-0.3784831,-0.9849305,0.06565765,-0.1865717,-0.485518,0.03236564,22.47195,-89.79071
122.0007,0,39.02491,-143.6571,-373.8406,24.921,0.3947954,1.02738,-0.06848735,0.1889087,0.4915994,-0.03277104,23.72838,-90.3513
122.0007,1,40.21291,-21.07773,-54.85072,3.656471,-0.3831524,-0.9970815,0.06646768,-0.1889322,-0.4916608,0.03277513,23.02984,-90.35695
123.0005,0,39.02491,-143.2598,-372.8068,24.85209,0.3996677,1.040059,-0.06933258,0.1913434,0.4979353,-0.0331934,24.31769,-90.93168
123.0005,1,40.21291,-21.46327,-55.85406,3.723357,-0.3878814,-1.009388,0.06728805,-0.1913677,-0.4979986,0.03319762,23.60184,-90.93746
124.02,0,39.02491,-142.8496,-371.7392,24.78091,0.404703,1.053162,-0.07020608,0.1939076,0.5046081,-0.03363822,24.93427,-91.53894
124.02,1,40.21291,-21.86142,-56.89024,3.79243,-0.3927684,-1.022106,0.06813584,-0.1939328,-0.5046736,0.03364259,24.20032,-91.54488
125.0115,0,39.02491,-142.4505,-370.7007,24.71168,0.4096048,1.065919,-0.07105643,0.1964514,0.5112281,-0.03407952,25.54196,-92.13743
125.0115,1,40.21291,-22.24871,-57.89808,3.859615,-0.3975261,-1.034487,0.06896117,-0.1964774,-0.5112956,0.03408401,24.79015,-92.14352
126.0135,0,39.02491,-142.0383,-369.6281,24.64018,0.4146737,1.07911,-0.07193574,0.199132,0.5182037,-0.03454452,26.17804,-92.76389
126.0135,1,40.21291,-22.64875,-58.93908,3.929011,-0.4024459,-1.047289,0.06981462,-0.1991588,-0.5182734,0.03454917,25.40755,-92.77014
127.0033,0,39.02491,-141.621,-368.5421,24.56779,0.4198123,1.092482,-0.07282721,0.2019019,0.5254119,-0.03502505,26.83086,-93.40685
127.0033,1,40.21291,-23.05373,-59.99297,3.999265,-0.4074334,-1.060268,0.07067984,-0.2019297,-0.5254842,0.03502986,26.04121,-93.41327
128.0136,0,39.02491,-141.1986,-367.4428,24.4945,0.4250231,1.106043,-0.07373117,0.2047655,0.5328639,-0.03552181,27.50106,-94.06692
128.0136,1,40.21291,-23.46373,-61.05993,4.070392,-0.4124911,-1.07343,0.07155722,-0.2047942,-0.5329385,0.03552678,26.69174,-94.0735
129.0119,0,39.02491,-140.7709,-366.3297,24.42031,0.4303085,1.119797,-0.07464807,0.2077273,0.5405713,-0.0360356,28.18932,-94.74477
129.0119,1,40.21291,-23.87883,-62.14016,4.142401,-0.417621,-1.08678,0.07244717,-0.2077569,-0.5406485,0.03604074,27.35979,-94.75153
130.0136,0,39.02491,-140.3378,-365.2028,24.34518,0.4356713,1.133753,-0.07557838,0.2107919,0.5485462,-0.03656723,28.89632,-95.44109
130.0136,1,40.21291,-24.2991,-63.23383,4.215307,-0.422826,-1.100325,0.07335012,-0.2108226,-0.5486262,0.03657256,28.04605,-95.44804
131.02,0,39.02491,-139.8906,-364.0389,24.2676,0.4412237,1.148202,-0.0765416,0.2140288,0.5569696,-0.03712875,29.63754,-96.17108
131.02,1,40.21291,-24.73318,-64.36343,4.290609,-0.4282151,-1.11435,0.07428501,-0.2140606,-0.5570525,0.03713427,28.76553,-96.17824
132.0113,0,39.02491,-139.4555,-362.9066,24.19212,0.4466394,1.162295,-0.0774811,0.2172498,0.5653517,-0.03768752,30.36958,-96.89204
132.0113,1,40.21291,-25.15545,-65.46232,4.363863,-0.4334717,-1.128029,0.07519689,-0.2172827,-0.5654373,0.03769322,29.47609,-96.89938
133.0087,0,39.02491,-139.006,-361.7369,24.11414,0.4522506,1.176898,-0.0784545,0.2206543,0.5742112,-0.03827812,31.13745,-97.64828
133.0087,1,40.21291,-25.59169,-66.59755,4.439541,-0.438918,-1.142202,0.07614168,-0.2206884,-0.5742999,0.03828403,30.22144,-97.65582
134.0094,0,39.02491,-138.5509,-360.5525,24.03518,0.4579506,1.191731,-0.07944331,0.2241837,0.5833958,-0.03889038,31.92729,-98.42614
134.0094,1,40.21291,-26.03342,-67.74707,4.51617,-0.4444505,-1.156599,0.07710142,-0.2242192,-0.5834881,0.03889653,30.98811,-98.43391
135.0075,0,39.02491,-138.09,-359.3531,23.95523,0.4637428,1.206804,-0.08044812,0.2278449,0.5929234,-0.03952551,32.74003,-99.22659
135.0075,1,40.21291,-26.48073,-68.91112,4.593768,-0.4500724,-1.171229,0.07807669,-0.2278817,-0.5930191,0.03953188,31.77702,-99.23459
136.0071,0,39.02491,-137.6232,-358.1385,23.87427,0.4696306,1.222126,-0.08146951,0.2316445,0.602811,-0.04018464,33.57666,-100.0505
136.0071,1,40.21291,-26.93371,-70.08991,4.672348,-0.4557872,-1.186101,0.07906806,-0.2316826,-0.6029103,0.04019125,32.58912,-100.0588
137.0055,0,39.02491,-137.1505,-356.9085,23.79227,0.4756176,1.237706,-0.08250812,0.2355901,0.613079,-0.04086912,34.43821,-100.899
137.0055,1,40.21291,-27.39245,-71.28371,4.751929,-0.4615984,-1.201223,0.08007617,-0.2356298,-0.6131821,0.04087599,33.42542,-100.9075
138.0199,0,39.02491,-136.6718,-355.6627,23.70922,0.4817078,1.253554,-0.08356459,0.2396898,0.6237477,-0.04158031,35.3258,-101.7732
138.0199,1,40.21291,-27.85705,-72.49276,4.832526,-0.4675096,-1.216606,0.08110161,-0.2397311,-0.6238551,0.04158747,34.28701,-101.7819
139.0034,0,39.02491,-136.187,-354.401,23.62511,0.4879051,1.269681,-0.08463965,0.2439523,0.6348401,-0.04231977,36.24059,-102.6741
139.0034,1,40.21291,-28.32762,-73.71733,4.914158,-0.473525,-1.23226,0.0821451,-0.2439951,-0.6349514,0.04232718,35.17499,-102.6831
140.0015,0,39.02491,-135.6959,-353.1229,23.53992,0.4942139,1.286099,-0.08573406,0.2483868,0.6463797,-0.04308901,37.18389,-103.6031
140.0015,1,40.21291,-28.80426,-74.95769,4.996842,-0.4796484,-1.248195,0.08320743,-0.2484313,-0.6464955,0.04309673,36.09061,-103.6124
141.0014,0,39.02491,-135.1984,-351.8283,23.45362,0.5006387,1.302818,-0.08684859,0.2530031,0.6583926,-0.04388983,38.15694,-104.5614
141.0014,1,40.21291,-29.28708,-76.21413,5.0806,-0.4858844,-1.264422,0.08428922,-0.2530495,-0.6585134,0.04389787,37.03513,-104.571
142,0,39.02491,-134.6944,-350.5168,23.36619,0.5071843,1.319852,-0.08798409,0.2578119,0.6709068,-0.04472404,39.16122,-105.5504
142,1,40.21291,-29.77619,-77.48695,5.16545,-0.4922378,-1.280956,0.08539138,-0.2578603,-0.6710327,0.04473243,38.00999,-105.5603
143.0005,0,39.02491,-134.1839,-349.1882,23.27761,0.5138556,1.337213,-0.08914142,0.2628251,0.6839527,-0.0455937,40.19823,-106.5717
143.0005,1,40.21291,-30.27172,-78.77647,5.251412,-0.4987133,-1.297807,0.08651472,-0.2628755,-0.6840838,0.04560244,39.01664,-106.5819
144.0151,0,39.02491,-133.6665,-347.8419,23.18787,0.5206583,1.354916,-0.09032153,0.2680551,0.6975625,-0.04650097,41.26961,-107.6268
144.0151,1,40.21291,-30.77379,-80.08302,5.338509,-0.5053163,-1.31499,0.08766016,-0.2681077,-0.6976995,0.0465101,40.05664,-107.6373
145.0013,0,39.02491,-133.1423,-346.4778,23.09694,0.5275979,1.372975,-0.09152538,0.2735153,0.7117718,-0.04744819,42.37708,-108.7174
145.0013,1,40.21291,-31.28253,-81.40691,5.426764,-0.5120524,-1.33252,0.08882869,-0.2735703,-0.711915,0.04745774,41.1317,-108.7284
146.0133,0,39.02491,-132.6111,-345.0955,23.00479,0.5346808,1.391407,-0.09275407,0.2792205,0.7266186,-0.04843789,43.52251,-109.8454
146.0133,1,40.21291,-31.79808,-82.74853,5.516206,-0.5189273,-1.35041,0.09002132,-0.279278,-0.7267683,0.04844785,42.24361,-109.8568
147.0135,0,39.02491,-132.0728,-343.6945,22.9114,0.5419132,1.410227,-0.0940087,0.2851866,0.7421446,-0.04947287,44.70787,-111.0128
147.0135,1,40.21291,-32.32058,-84.10822,5.606847,-0.5259472,-1.368679,0.09123914,-0.2852468,-0.7423011,0.0494833,43.39429,-111.0245
148.0036,0,39.02491,-131.5271,-342.2746,22.81674,0.5493019,1.429455,-0.09529044,0.291431,0.7583945,-0.05055611,45.93534,-112.2216
148.0036,1,40.21291,-32.85016,-85.48639,5.698719,-0.5331191,-1.387343,0.09248332,-0.291494,-0.7585585,0.05056704,44.58584,-112.2337
149.0132,0,39.02491,-130.974,-340.8351,22.72078,0.5568545,1.44911,-0.09660065,0.2979731,0.7754184,-0.05169098,47.20721,-113.4741
149.0132,1,40.21291,-33.387,-86.88352,5.791847,-0.5404503,-1.406421,0.09375506,-0.2980391,-0.7755901,0.05170243,45.82051,-113.4867
150.0128,0,39.02491,-130.4132,-339.3758,22.6235,0.5645788,1.469211,-0.09794064,0.3048326,0.793269,-0.05288095,48.52597,-114.7728
150.0128,1,40.21291,-33.93126,-88.29986,5.886264,-0.5479481,-1.425933,0.09505576,-0.3049017,-0.7934489,0.05289293,47.10071,-114.7858
151.0113,0,39.02491,-129.8446,-337.8961,22.52486,0.5724835,1.489781,-0.09931188,0.3120323,0.8120048,-0.05412992,49.89429,-116.1203
151.0113,1,40.21291,-34.48311,-89.73592,5.981996,-0.5556208,-1.4459,0.0963868,-0.312105,-0.8121941,0.05414252,48.42904,-116.1338
152.0112,0,39.02491,-129.268,-336.3956,22.42484,0.5805773,1.510844,-0.100716,0.3195969,0.8316904,-0.05544219,51.31507,-117.5194
152.0112,1,40.21291,-35.04272,-91.19221,6.079074,-0.5634773,-1.466345,0.09774971,-0.3196734,-0.8318892,0.05545544,49.8083,-117.5335
153.0115,0,39.02491,-128.6832,-334.8738,22.32339,0.5888699,1.532424,-0.1021545,0.3275535,0.8523958,-0.05682245,52.79146,-118.9733
153.0115,1,40.21291,-35.61028,-92.6692,6.177534,-0.5715271,-1.487293,0.09914611,-0.327634,-0.8526054,0.05683643,51.24155,-118.9879
154.0001,0,39.02491,-128.09,-333.3302,22.22049,0.5973718,1.554549,-0.1036294,0.3359318,0.8741989,-0.05827588,54.32685,-120.4852
154.0001,1,40.21291,-36.186,-94.1674,6.277408,-0.57978,-1.508769,0.1005778,-0.3360165,-0.8744192,0.05829057,52.73211,-120.5004
155.0036,0,39.02491,-127.4882,-331.7641,22.11609,0.6060942,1.577248,-0.1051425,0.3447645,0.8971843,-0.05980812,55.92495,-122.0589
155.0036,1,40.21291,-36.77008,-95.68736,6.378731,-0.5882471,-1.530803,0.1020466,-0.3448539,-0.8974168,0.05982362,54.28353,-122.0748
156.0044,0,39.02491,-126.8776,-330.175,22.01016,0.6150495,1.600552,-0.106696,0.3540879,0.9214467,-0.06142551,57.58976,-123.6983
156.0044,1,40.21291,-37.36274,-97.22964,6.481544,-0.59694,-1.553425,0.1035546,-0.3541823,-0.9216923,0.06144188,55.89975,-123.7148
157.0031,0,39.02491,-126.2579,-328.5623,21.90266,0.6242504,1.624496,-0.1082922,0.3639419,0.94709,-0.06313498,59.32571,-125.4078
157.0031,1,40.21291,-37.96422,-98.79487,6.585885,-0.6058716,-1.576667,0.105104,-0.3640417,-0.9473497,0.06315229,57.58504,-125.4249
158.0176,0,39.02491,-125.6288,-326.9253,21.79353,0.6337112,1.649116,-0.1099334,0.3743712,0.97423,-0.06494419,61.13756,-127.1919
158.0176,1,40.21291,-38.57475,-100.3837,6.691798,-0.6150557,-1.600567,0.1066972,-0.374477,-0.9745051,0.06496252,59.34404,-127.2099
159.002,0,39.02491,-124.9902,-325.2634,21.68274,0.6434473,1.674453,-0.1116224,0.3854248,1.002995,-0.06686168,63.03061,-129.056
159.002,1,40.21291,-39.19457,-101.9967,6.799328,-0.6245069,-1.625162,0.1083368,-0.385537,-1.003286,0.06688114,61.18187,-129.0747
160.0042,0,39.02491,-124.3416,-323.5757,21.57024,0.6534761,1.700549,-0.113362,0.3971581,1.033528,-0.06889711,65.01061,-131.0056
160.0042,1,40.21291,-39.82401,-103.6348,6.908521,-0.6342418,-1.650495,0.1100255,-0.3972773,-1.033838,0.06891778,63.10414,-131.0253
161.0054,0,39.02491,-123.6829,-321.8615,21.45597,0.6638145,1.727453,-0.1151555,0.4096329,1.065991,-0.07106115,67.0839,-133.0471
161.0054,1,40.21291,-40.46334,-105.2985,7.01943,-0.6442778,-1.676612,0.1117665,-0.4097596,-1.066321,0.07108313,65.11701,-133.0677
162.0042,0,39.02491,-123.0137,-320.12,21.33987,0.674483,1.755216,-0.1170062,0.422918,1.100563,-0.07336579,69.25749,-135.1874
162.0042,1,40.21291,-41.11288,-106.9888,7.132108,-0.6546344,-1.703562,0.1135631,-0.4230532,-1.100915,0.07338923,67.22729,-135.209
163.0019,0,39.02491,-122.3336,-318.3502,21.2219,0.6855034,1.783894,-0.1189179,0.4370916,1.137447,-0.07582455,71.53918,-137.4341
163.0019,1,40.21291,-41.77293,-108.7065,7.246612,-0.6653325,-1.731403,0.115419,-0.437236,-1.137823,0.07584961,69.44254,-137.4567
164.0154,0,39.02491,-121.6423,-316.5512,21.10197,0.6968994,1.81355,-0.1208949,0.4522417,1.176872,-0.07845273,73.93755,-139.7956
164.0154,1,40.21291,-42.44388,-110.4525,7.363004,-0.6763956,-1.760192,0.1173382,-0.4523962,-1.177274,0.07847952,71.77112,-139.8194
165.0145,0,39.02491,-120.9395,-314.7221,20.98004,0.7086976,1.844253,-0.1229416,0.4684681,1.219097,-0.08126759,76.46221,-142.2814
165.0145,1,40.21291,-43.12608,-112.2278,7.48135,-0.6878493,-1.789998,0.1193251,-0.4686336,-1.219528,0.08129631,74.22234,-142.3065
166.02,0,39.02491,-120.2101,-312.8242,20.85353,0.7211766,1.876726,-0.1251063,0.4862454,1.26536,-0.08435152,79.17859,-144.9559
166.02,1,40.21291,-43.83394,-114.0699,7.604147,-0.6999636,-1.821523,0.1214266,-0.4864236,-1.265823,0.08438242,76.85972,-144.9824
167.0011,0,39.02491,-119.4972,-310.9689,20.72985,0.7336198,1.909107,-0.1272649,0.5046195,1.313174,-0.08753895,81.93446,-147.6692
167.0011,1,40.21291,-44.52591,-115.8706,7.724186,-0.7120438,-1.85296,0.1235222,-0.504811,-1.313673,0.08757217,79.53558,-147.6973
168.0006,0,39.02491,-118.7569,-309.0424,20.60142,0.7468113,1.943435,-0.1295532,0.5248231,1.36575,-0.09104375,84.90751,-150.5964
168.0006,1,40.21291,-45.24444,-117.7405,7.848834,-0.7248505,-1.886287,0.1257439,-0.5250298,-1.366289,0.09107961,82.42236,-150.626
169.0033,0,39.02491,-118.0032,-307.0809,20.47067,0.7605414,1.979166,-0.1319351,0.546667,1.422595,-0.09483322,88.05828,-153.6984
169.0033,1,40.21291,-45.97604,-119.6443,7.975749,-0.7381804,-1.920976,0.1280563,-0.5468909,-1.423177,0.09487204,85.48171,-153.7299
170.004,0,39.02491,-117.2354,-305.0828,20.33748,0.7748551,2.016414,-0.1344181,0.5703499,1.484225,-0.0989416,91.404,-156.9924
170.004,1,40.21291,-46.72126,-121.5836,8.105029,-0.7520767,-1.957138,0.130467,-0.5705931,-1.484857,0.09898379,88.73042,-157.0259
171.0073,0,39.02491,-116.4529,-303.0467,20.20175,0.789802,2.05531,-0.1370111,0.5961018,1.551239,-0.1034089,94.96435,-160.4975
171.0073,1,40.21291,-47.4807,-123.5598,8.23677,-0.7665884,-1.994902,0.1329844,-0.5963666,-1.551929,0.1034549,92.18763,-160.5331
172.02,0,39.02491,-115.6391,-300.9289,20.06057,0.805759,2.096835,-0.1397793,0.6247839,1.625878,-0.1083845,98.84042,-164.3134
172.02,1,40.21291,-48.27061,-125.6154,8.3738,-0.7820809,-2.035219,0.135672,-0.6250737,-1.626633,0.1084348,95.95148,-164.3515
173.0132,0,39.02491,-114.8415,-298.8532,19.92221,0.8218293,2.138655,-0.1425671,0.65495,1.70438,-0.1136176,102.8223,-168.2333
173.0132,1,40.21291,-49.04479,-127.6301,8.508102,-0.797684,-2.075823,0.1383787,-0.6552672,-1.705206,0.1136727,99.81825,-168.2741
174.0122,0,39.02491,-114.011,-296.6919,19.77813,0.8390472,2.18346,-0.1455539,0.6887435,1.792321,-0.11948,107.1758,-172.5189
174.0122,1,40.21291,-49.85093,-129.728,8.647948,-0.8144011,-2.119326,0.1412787,-0.689093,-1.79323,0.1195406,104.0459,-172.5627
175.0147,0,39.02491,-113.1628,-294.4846,19.63099,0.8571753,2.230636,-0.1486987,0.7260288,1.889347,-0.125948,111.857,-177.127
175.0147,1,40.21291,-50.67422,-131.8705,8.790771,-0.8320029,-2.16513,0.1443322,-0.7264152,-1.890353,0.1260151,108.5919,-177.1741
176.0012,0,39.02491,-112.2959,-292.2288,19.48061,0.8763101,2.280431,-0.1520182,0.7673495,1.996878,-0.1331163,116.9068,-182.0978
176.0012,1,40.21291,-51.51564,-134.06,8.936729,-0.8505827,-2.21348,0.1475553,-0.7677789,-1.997995,0.1331908,113.4961,-182.1487
177.002,0,39.02491,-111.4093,-289.9217,19.32681,0.8965638,2.333138,-0.1555317,0.813367,2.11663,-0.1410993,122.3733,-187.4784
177.002,1,40.21291,-52.37618,-136.2994,9.086008,-0.8702493,-2.26466,0.150967,-0.8138463,-2.117877,0.1411824,118.8052,-187.5336
178.0023,0,39.02491,-110.5019,-287.5603,19.1694,0.9180666,2.389096,-0.1592619,0.8648897,2.250708,-0.1500372,128.3137,-193.3252
178.0023,1,40.21291,-53.25697,-138.5915,9.2388,-0.8911294,-2.318997,0.1545892,-0.8654274,-2.252108,0.1501305,124.5747,-193.3853
179.0075,0,39.02491,-109.5723,-285.1412,19.00813,0.9409722,2.448704,-0.1632354,0.9229192,2.401719,-0.1601039,134.7964,-199.7055
179.0075,1,40.21291,-54.15932,-140.9396,9.395339,-0.9133727,-2.376881,0.1584479,-0.9235274,-2.403302,0.1602094,130.8712,-199.7712
180.0099,0,39.02491,-108.619,-282.6603,18.84275,0.9654635,2.512437,-0.1674841,0.98871,2.572927,-0.171517,141.9045,-206.701
180.0099,1,40.21291,-55.08469,-143.3477,9.555868,-0.9371563,-2.438773,0.1625738,-0.9894019,-2.574728,0.171637,137.7756,-206.7733
181.0097,0,39.02491,-107.6403,-280.1134,18.67298,0.9917588,2.580865,-0.1720457,1.06385,2.768462,-0.184552,149.7395,-214.4115
181.0097,1,40.21291,-56.03472,-145.82,9.720674,-0.9626935,-2.505229,0.1670038,-1.064642,-2.770526,0.1846895,145.3866,-214.4914
182.0114,0,39.02491,-106.6342,-277.4953,18.49846,1.020124,2.654679,-0.1769662,1.150377,2.993631,-0.1995624,158.4272,-222.9605
182.0114,1,40.21291,-57.01128,-148.3613,9.890084,-0.9902415,-2.576917,0.1717827,-1.151294,-2.996018,0.1997216,153.8262,-223.0494
183.0011,0,39.02491,-105.5986,-274.8004,18.31881,1.050883,2.734723,-0.1823022,1.25095,3.255355,-0.2170095,168.1251,-232.5027
183.0011,1,40.21291,-58.01656,-150.9773,10.06447,-1.020117,-2.654661,0.1769653,-1.252021,-3.258142,0.2171953,163.248,-232.6022
184.0063,0,39.02491,-104.5309,-272.0218,18.13358,1.08444,2.822049,-0.1881236,1.369107,3.562835,-0.2375068,179.0338,-243.2354
184.0063,1,40.21291,-59.05305,-153.6746,10.24428,-1.052712,-2.739482,0.1826198,-1.370373,-3.566129,0.2377264,173.8468,-243.3478
185.0083,0,39.02491,-103.428,-269.1516,17.94225,1.121306,2.917984,-0.1945188,1.509635,3.928531,-0.261885,191.4132,-255.4136
185.0083,1,40.21291,-60.12373,-156.4608,10.43001,-1.088523,-2.832673,0.188832,-1.511151,-3.932475,0.262148,185.8756,-255.5417
186.0103,0,39.02491,-102.2862,-266.1804,17.74418,1.162135,3.024234,-0.2016016,1.679179,4.369738,-0.2912971,205.6064,-269.3745
186.0103,1,40.21291,-61.23213,-159.3452,10.62229,-1.128187,-2.935892,0.1957129,-1.681022,-4.374535,0.2916169,199.6685,-269.5223
187.0112,0,39.02491,-101.1012,-263.0968,17.53862,1.207787,3.143035,-0.2095211,1.887212,4.911103,-0.327386,222.0775,-285.5738
187.0112,1,40.21291,-62.3825,-162.3389,10.82186,-1.172541,-3.051316,0.2034074,-1.889493,-4.917041,0.3277818,215.677,-285.7464
188.0145,0,39.02491,-99.86763,-259.8867,17.32463,1.259419,3.277398,-0.218478,2.147669,5.588894,-0.372569,241.4706,-304.6434
188.0145,1,40.21291,-63.58009,-165.4554,11.02961,-1.222712,-3.181874,0.2121109,-2.150558,-5.596412,0.3730702,234.5285,-304.8482
189.0004,0,39.02491,-98.57871,-256.5323,17.10103,1.318632,3.431491,-0.2287502,2.481908,6.458669,-0.4305516,264.7108,-327.4918
189.0004,1,40.21291,-64.83145,-168.7119,11.24669,-1.280258,-3.331629,0.2220938,-2.485666,-6.468449,0.4312036,257.1241,-327.7397
190.0046,0,39.02491,-97.22578,-253.0117,16.86633,1.38773,3.611302,-0.2407369,2.924121,7.609447,-0.5072657,293.1794,-355.472
190.0046,1,40.21291,-66.14505,-172.1302,11.47457,-1.347423,-3.506411,0.2337453,-2.92918,-7.622612,0.5081432,284.81,-355.7794
191.0104,0,39.02491,-95.7973,-249.2943,16.61853,1.470169,3.825835,-0.2550382,3.532633,9.192969,-0.6128276,329.0473,-390.712
191.0104,1,40.21291,-67.53207,-175.7397,11.71518,-1.427576,-3.714996,0.2476501,-3.539749,-9.211487,0.6140621,319.7027,-391.1054
192,0,39.02491,-94.27733,-245.3389,16.35486,1.571465,4.089437,-0.2726108,4.414684,11.48834,-0.7658443,375.9527,-436.7747
192,1,40.21291,-69.00807,-179.5807,11.97123,-1.526097,-3.971377,0.2647411,-4.425314,-11.516,0.7676885,365.3523,-437.3002
193.0045,0,39.02491,-92.64268,-241.0851,16.07128,1.701132,4.426869,-0.2951049,5.789257,15.06539,-1.0043,440.5543,-500.1717
193.0045,1,40.21291,-70.59566,-183.7121,12.24664,-1.652272,-4.299722,0.2866294,-5.806541,-15.11038,1.007298,428.2628,-500.9178
194.0067,0,39.02491,-90.85666,-236.4373,15.76145,1.877539,4.885934,-0.3257075,8.175741,21.27574,-1.418302,536.6625,-594.3896
194.0067,1,40.21291,-72.33059,-188.2269,12.54761,-1.824058,-4.746761,0.3164304,-8.207773,-21.3591,1.423859,521.9446,-595.5529
195.009,0,39.02491,-88.85425,-231.2265,15.41408,2.14297,5.576664,-0.3717537,13.13376,34.17799,-2.278402,699.1255,-753.3593
195.009,1,40.21291,-74.27636,-193.2904,12.88515,-2.082878,-5.42029,0.3613296,-13.20825,-34.37186,2.291325,680.5729,-755.4929
196.0091,0,39.02491,-86.4928,-225.0812,15.00442,2.631729,6.848558,-0.456542,27.97567,72.80118,-4.853141,1054.398,-1099.507
196.0091,1,40.21291,-76.57276,-199.2663,13.28352,-2.56091,-6.664274,0.4442572,-28.26071,-73.54293,4.902588,1028.811,-1105.094
197.011,0,39.02491,-83.22408,-216.5751,14.43738,4.461952,11.61137,-0.7740464,204.8109,532.9861,-35.53064,3030.911,-2974.997
197.011,1,40.21291,-79.76309,-207.5685,13.83697,-4.383937,-11.40836,0.7605135,-214.5562,-558.3463,37.22123,3014.923,-3044.952
198.0147,0,79.23782,-81.57009,-212.2705,14.15042,-0.1147139,-0.2985336,0.01990139,0,0,0,4.067976,0
199.0022,0,79.23782,-81.68491,-212.5688,14.1703,-0.1147139,-0.2985336,0.01990139,0,0,0,4.067976,0
200.0034,0,79.23782,-81.79974,-212.8671,14.19018,-0.1147139,-0.2985336,0.01990139,0,0,0,4.067976,0
201.0093,0,79.23782,-81.91456,-213.1654,14.21007,-0.1147139,-0.2985336,0.01990139,0,0,0,4.067976,0
202.0119,0,79.23782,-82.02938,-213.4637,14.22995,-0.1147139,-0.2985336,0.01990139,0,0,0,4.067976,0
203.0005,0,79.23782,-82.1442,-213.762,14.24984,-0.1147139,-0.2985336,0.01990139,0,0,0,4.067976,0
204.0019,0,79.23782,-82.25903,-214.0603,14.26972,-0.1147139,-0.2985336,0.01990139,0,0,0,4.067976,0
205.0058,0,79.23782,-82.37385,-214.3586,14.2896,-0.1147139,-0.2985336,0.01990139,0,0,0,4.067976,0
206.0082,0,79.23782,-82.48867,-214.6569,14.30949,-0.1147139,-0.2985336,0.01990139,0,0,0,4.067976,0
